,Team,League,Year,OBP,SLG,BA,Playoffs,ERA,ERA+,FIP,HR,RBIs,Ks
1231,WSA,AL,1962,0.308,0.373,0.25,0,4.04,101,4.18,132,566,771
1230,STL,NL,1962,0.335,0.394,0.271,0,3.55,121,3.81,137,707,914
1229,SFG,NL,1962,0.341,0.441,0.278,1,3.79,101,3.81,204,807,886
1228,PIT,NL,1962,0.321,0.394,0.268,0,3.37,117,3.46,108,655,897
1227,PHI,NL,1962,0.33,0.39,0.26,0,4.28,91,4.13,142,658,863
1226,NYY,AL,1962,0.337,0.426,0.267,1,3.7,102,3.85,199,791,838
1225,NYM,NL,1962,0.318,0.361,0.24,0,5.04,82,4.59,139,573,772
1224,MLN,NL,1962,0.326,0.403,0.252,0,3.68,103,3.79,181,685,802
1223,MIN,AL,1962,0.338,0.412,0.26,0,3.89,106,3.89,185,758,948
1222,LAD,NL,1962,0.337,0.4,0.268,0,3.62,101,3.39,140,781,1104
1221,LAA,AL,1962,0.325,0.38,0.25,0,3.7,105,3.85,137,667,858
1220,KCA,AL,1962,0.332,0.386,0.263,0,4.79,88,4.73,116,691,825
1219,HOU,NL,1962,0.31,0.351,0.246,0,3.83,98,3.24,105,549,1047
1218,DET,AL,1962,0.33,0.411,0.248,0,3.81,108,4.04,209,719,873
1217,CLE,AL,1962,0.312,0.388,0.245,0,4.14,93,4.41,180,644,780
1216,CIN,NL,1962,0.332,0.417,0.27,0,3.75,108,3.89,167,745,964
1215,CHW,AL,1962,0.334,0.372,0.257,0,3.73,106,3.74,92,662,821
1214,CHC,NL,1962,0.317,0.377,0.253,0,4.54,92,4.31,126,600,783
1213,BOS,AL,1962,0.324,0.403,0.258,0,4.22,98,4.18,146,671,923
1212,BAL,AL,1962,0.314,0.387,0.248,0,3.69,100,3.88,156,617,898
1211,WSA,AL,1963,0.293,0.351,0.227,0,4.42,85,4.22,138,538,744
1210,STL,NL,1963,0.326,0.403,0.271,0,3.32,107,3.29,128,697,978
1209,SFG,NL,1963,0.316,0.414,0.258,0,3.35,96,3.31,197,680,954
1208,PIT,NL,1963,0.309,0.359,0.25,0,3.1,107,3.17,108,523,900
1207,PHI,NL,1963,0.306,0.381,0.252,0,3.09,105,3.26,126,599,1052
1206,NYY,AL,1963,0.309,0.403,0.252,1,3.07,115,3.21,188,666,965
1205,NYM,NL,1963,0.285,0.315,0.219,0,4.12,84,4.04,96,459,806
1204,MLN,NL,1963,0.312,0.37,0.244,0,3.27,99,3.59,139,624,924
1203,MIN,AL,1963,0.325,0.43,0.255,0,3.28,111,3.64,225,722,941
1202,LAD,NL,1963,0.309,0.357,0.251,1,2.85,105,2.86,110,584,1095
1201,LAA,AL,1963,0.309,0.354,0.25,0,3.52,97,3.63,95,551,889
1200,KCA,AL,1963,0.313,0.353,0.247,0,3.92,101,3.85,95,582,887
1199,HOU,NL,1963,0.283,0.301,0.22,0,3.44,92,2.89,62,420,937
1198,DET,AL,1963,0.327,0.382,0.252,0,3.9,96,4.02,148,648,930
1197,CLE,AL,1963,0.301,0.381,0.239,0,3.79,96,3.68,169,592,1018
1196,CIN,NL,1963,0.31,0.371,0.246,0,3.29,101,3.05,122,608,1048
1195,CHW,AL,1963,0.323,0.365,0.25,0,2.97,118,3.06,114,648,932
1194,CHC,NL,1963,0.297,0.363,0.238,0,3.08,115,3.25,127,530,851
1193,BOS,AL,1963,0.312,0.4,0.252,0,3.97,95,3.62,171,623,1009
1192,BAL,AL,1963,0.31,0.38,0.249,0,3.45,100,3.56,146,609,913
1191,WSA,AL,1964,0.299,0.348,0.231,0,3.98,94,4.17,125,528,794
1190,STL,NL,1964,0.324,0.392,0.272,1,3.43,112,3.5,109,654,877
1189,SFG,NL,1964,0.31,0.382,0.246,0,3.19,111,3.31,165,608,1023
1188,PIT,NL,1964,0.315,0.389,0.264,0,3.52,100,3.17,121,630,951
1187,PHI,NL,1964,0.315,0.391,0.258,0,3.36,104,3.38,130,649,1009
1186,NYY,AL,1964,0.317,0.387,0.253,1,3.15,115,3.45,162,688,989
1185,NYM,NL,1964,0.296,0.348,0.246,0,4.25,84,3.86,103,527,717
1184,MLN,NL,1964,0.333,0.418,0.272,0,4.12,86,3.79,159,755,906
1183,MIN,AL,1964,0.322,0.427,0.252,0,3.58,101,3.88,221,707,1099
1182,LAD,NL,1964,0.305,0.34,0.25,0,2.95,109,2.93,79,555,1062
1181,LAA,AL,1964,0.304,0.344,0.242,0,2.91,114,3.37,102,508,965
1180,KCA,AL,1964,0.311,0.379,0.239,0,4.71,82,4.62,166,594,966
1179,HOU,NL,1964,0.285,0.315,0.229,0,3.41,101,3.17,70,452,852
1178,DET,AL,1964,0.319,0.395,0.253,0,3.84,96,3.92,157,658,993
1177,CLE,AL,1964,0.312,0.38,0.247,0,3.75,97,3.59,164,640,1162
1176,CIN,NL,1964,0.308,0.372,0.249,0,3.07,118,3.02,130,605,1122
1175,CHW,AL,1964,0.32,0.353,0.247,0,2.72,127,3.28,106,586,955
1174,CHC,NL,1964,0.314,0.39,0.251,0,4.08,92,3.79,145,609,737
1173,BOS,AL,1964,0.322,0.416,0.258,0,4.5,87,3.96,186,648,1094
1172,BAL,AL,1964,0.316,0.387,0.248,0,3.16,114,3.48,162,632,939
1171,WSA,AL,1965,0.304,0.35,0.228,0,3.93,88,4.15,136,563,867
1170,STL,NL,1965,0.314,0.371,0.254,0,3.77,103,3.78,109,645,916
1169,SFG,NL,1965,0.313,0.385,0.252,0,3.2,113,3.2,159,623,1060
1168,PIT,NL,1965,0.317,0.382,0.265,0,3.01,117,3.15,111,631,882
1167,PHI,NL,1965,0.313,0.384,0.25,0,3.53,98,3.16,144,608,1071
1166,NYY,AL,1965,0.299,0.364,0.235,0,3.28,104,3.38,149,576,1001
1165,NYM,NL,1965,0.277,0.327,0.221,0,4.06,87,3.89,107,460,776
1164,MLN,NL,1965,0.31,0.416,0.256,0,3.52,100,3.47,196,664,966
1163,MIN,AL,1965,0.324,0.399,0.254,1,3.14,114,3.81,150,711,934
1162,LAD,NL,1965,0.312,0.335,0.245,1,2.81,116,3.1,78,548,1079
1161,KCA,AL,1965,0.309,0.358,0.24,0,4.24,83,4.03,110,546,882
1160,HOU,NL,1965,0.305,0.34,0.237,0,3.84,87,3.22,97,523,931
1159,DET,AL,1965,0.312,0.374,0.238,0,3.35,105,3.42,162,634,1069
1158,CLE,AL,1965,0.315,0.379,0.25,0,3.3,107,3.17,156,615,1156
1157,CIN,NL,1965,0.339,0.439,0.273,0,3.88,97,3.51,183,776,1113
1156,CHW,AL,1965,0.315,0.364,0.246,0,2.99,106,3.3,125,587,946
1155,CHC,NL,1965,0.307,0.358,0.238,0,3.78,98,3.75,134,590,855
1154,CAL,AL,1965,0.297,0.341,0.239,0,3.17,106,3.39,92,486,847
1153,BOS,AL,1965,0.327,0.4,0.251,0,4.24,88,3.76,165,629,993
1152,BAL,AL,1965,0.307,0.363,0.238,0,2.98,116,3.39,125,596,939
1151,WSA,AL,1966,0.295,0.355,0.234,0,3.7,94,3.74,126,525,866
1150,STL,NL,1966,0.298,0.368,0.251,0,3.11,116,3.48,108,533,892
1149,SFG,NL,1966,0.303,0.392,0.248,0,3.24,115,3.27,181,627,973
1148,PIT,NL,1966,0.329,0.428,0.279,0,3.52,102,3.46,158,715,898
1147,PHI,NL,1966,0.322,0.378,0.258,0,3.57,102,3.47,117,628,928
1146,NYY,AL,1966,0.299,0.374,0.235,0,3.41,97,3.49,162,569,842
1145,NYM,NL,1966,0.301,0.342,0.239,0,4.17,88,4.15,98,534,773
1144,MIN,AL,1966,0.316,0.382,0.249,0,3.13,116,3.27,144,611,1015
1143,LAD,NL,1966,0.314,0.362,0.256,1,2.62,126,2.6,108,565,1084
1142,KCA,AL,1966,0.294,0.337,0.236,0,3.56,96,3.72,70,509,854
1141,HOU,NL,1966,0.318,0.365,0.255,0,3.76,92,3.32,112,570,929
1140,DET,AL,1966,0.321,0.406,0.251,0,3.85,91,3.94,179,682,1026
1139,CLE,AL,1966,0.297,0.36,0.237,0,3.23,107,3.24,155,536,1111
1138,CIN,NL,1966,0.309,0.395,0.26,0,4.08,97,3.6,149,651,1043
1137,CHW,AL,1966,0.297,0.331,0.231,0,2.68,118,3.12,87,524,896
1136,CHC,NL,1966,0.313,0.38,0.254,0,4.33,85,3.99,140,603,908
1135,CAL,AL,1966,0.303,0.354,0.232,0,3.56,94,3.75,122,562,836
1134,BOS,AL,1966,0.31,0.376,0.24,0,3.92,98,3.93,145,617,977
1133,BAL,AL,1966,0.324,0.409,0.258,1,3.32,102,3.33,175,703,1070
1132,ATL,NL,1966,0.326,0.424,0.263,0,3.68,101,3.54,207,734,884
1131,WSA,AL,1967,0.288,0.326,0.223,0,3.38,94,3.43,115,521,878
1130,STL,NL,1967,0.32,0.379,0.263,1,3.05,108,3.05,115,656,956
1129,SFG,NL,1967,0.313,0.372,0.245,0,2.92,115,3.17,140,604,990
1128,PIT,NL,1967,0.324,0.38,0.277,0,3.74,90,3.6,91,615,820
1127,PHI,NL,1967,0.313,0.357,0.242,0,3.1,111,2.89,103,553,967
1126,NYY,AL,1967,0.296,0.317,0.225,0,3.24,96,3.34,100,473,898
1125,NYM,NL,1967,0.288,0.325,0.238,0,3.73,91,3.6,83,461,893
1124,MIN,AL,1967,0.309,0.369,0.24,0,3.14,112,2.97,131,619,1089
1123,LAD,NL,1967,0.301,0.332,0.236,0,3.21,96,2.92,82,465,967
1122,KCA,AL,1967,0.296,0.33,0.233,0,3.68,87,3.54,69,481,990
1121,HOU,NL,1967,0.317,0.364,0.249,0,4.03,82,3.25,93,581,1060
1120,DET,AL,1967,0.325,0.376,0.243,0,3.32,99,3.52,152,618,1038
1119,CLE,AL,1967,0.293,0.359,0.235,0,3.25,102,3.19,131,514,1189
1118,CIN,NL,1967,0.297,0.372,0.248,0,3.05,125,3.09,109,560,1065
1117,CHW,AL,1967,0.291,0.32,0.225,0,2.45,123,3.11,89,491,927
1116,CHC,NL,1967,0.316,0.378,0.251,0,3.48,102,3.6,128,642,888
1115,CAL,AL,1967,0.301,0.349,0.238,0,3.19,98,3.55,114,524,892
1114,BOS,AL,1967,0.321,0.395,0.255,1,3.36,105,3.5,158,666,1010
1113,BAL,AL,1967,0.31,0.372,0.24,0,3.32,96,3.38,138,624,1034
1112,ATL,NL,1967,0.307,0.372,0.24,0,3.47,97,3.42,158,596,862
1111,WSA,AL,1968,0.287,0.336,0.224,0,3.64,80,3.47,124,489,826
1110,STL,NL,1968,0.298,0.346,0.249,1,2.49,117,2.61,73,539,971
1109,SFG,NL,1968,0.307,0.341,0.239,0,2.71,111,2.62,108,566,942
1108,PIT,NL,1968,0.306,0.343,0.252,0,2.74,106,2.87,80,538,897
1107,PHI,NL,1968,0.294,0.333,0.233,0,3.36,90,2.87,100,505,935
1106,OAK,AL,1968,0.304,0.343,0.24,0,2.94,95,3.23,94,522,997
1105,NYY,AL,1968,0.292,0.318,0.214,0,2.79,103,3.06,109,501,831
1104,NYM,NL,1968,0.281,0.315,0.228,0,2.72,111,2.74,81,434,1014
1103,MIN,AL,1968,0.299,0.35,0.237,0,2.89,109,2.78,105,522,996
1102,LAD,NL,1968,0.289,0.319,0.23,0,2.69,103,2.53,67,434,994
1101,HOU,NL,1968,0.298,0.317,0.231,0,3.26,91,2.65,66,473,1021
1100,DET,AL,1968,0.307,0.385,0.235,1,2.71,111,3.06,185,639,1115
1099,CLE,AL,1968,0.293,0.327,0.234,0,2.66,113,2.89,75,476,1157
1098,CIN,NL,1968,0.32,0.389,0.273,0,3.56,89,3.33,106,638,963
1097,CHW,AL,1968,0.284,0.311,0.228,0,2.75,117,3.16,71,431,834
1096,CHC,NL,1968,0.298,0.366,0.242,0,3.41,93,3.25,130,576,894
1095,CAL,AL,1968,0.291,0.318,0.227,0,3.43,85,3.51,83,453,869
1094,BOS,AL,1968,0.313,0.352,0.236,0,3.33,96,3.26,125,558,972
1093,BAL,AL,1968,0.304,0.352,0.225,0,2.66,110,2.98,133,534,1044
1092,ATL,NL,1968,0.307,0.339,0.252,0,2.92,104,2.77,80,480,871
1091,WSA,AL,1969,0.33,0.378,0.251,0,3.49,99,4.0,148,640,835
1090,STL,NL,1969,0.316,0.359,0.253,0,2.94,122,3.12,90,561,1004
1089,SFG,NL,1969,0.334,0.361,0.242,0,3.26,109,3.35,136,657,906
1088,SEP,AL,1969,0.316,0.346,0.234,0,4.35,83,4.16,125,583,963
1087,SDP,NL,1969,0.285,0.329,0.225,0,4.24,84,3.8,99,431,764
1086,PIT,NL,1969,0.334,0.398,0.277,0,3.61,97,3.04,119,651,1124
1085,PHI,NL,1969,0.312,0.372,0.241,0,4.14,86,3.71,137,593,921
1084,OAK,AL,1969,0.329,0.376,0.249,0,3.71,92,4.01,148,680,887
1083,NYY,AL,1969,0.308,0.344,0.235,0,3.23,108,3.59,94,521,801
1082,NYM,NL,1969,0.311,0.351,0.242,1,2.99,122,3.3,109,598,1012
1081,MON,NL,1969,0.31,0.359,0.24,0,4.33,85,4.05,125,542,973
1080,MIN,AL,1969,0.34,0.408,0.268,1,3.24,114,3.46,163,733,906
1079,LAD,NL,1969,0.315,0.359,0.254,0,3.08,108,3.2,97,584,975
1078,KCR,AL,1969,0.309,0.338,0.24,0,3.72,99,3.69,98,538,894
1077,HOU,NL,1969,0.33,0.352,0.24,0,3.6,99,3.03,104,618,1221
1076,DET,AL,1969,0.316,0.387,0.242,0,3.31,113,3.51,182,649,1032
1075,CLE,AL,1969,0.307,0.345,0.237,0,3.94,95,3.85,119,534,1000
1074,CIN,NL,1969,0.335,0.422,0.277,0,4.11,91,4.08,171,750,818
1073,CHW,AL,1969,0.32,0.357,0.247,0,4.21,93,3.95,112,585,810
1072,CHC,NL,1969,0.323,0.384,0.253,0,3.34,121,3.2,142,671,1017
1071,CAL,AL,1969,0.3,0.319,0.23,0,3.54,98,3.6,88,480,885
1070,BOS,AL,1969,0.333,0.415,0.251,0,3.92,98,4.11,197,701,935
1069,BAL,AL,1969,0.343,0.414,0.265,1,2.83,126,3.38,175,722,897
1068,ATL,NL,1969,0.321,0.38,0.258,1,3.53,103,3.53,141,640,893
1067,WSA,AL,1970,0.321,0.358,0.238,0,3.8,93,4.06,138,583,823
1066,STL,NL,1970,0.331,0.379,0.263,0,4.06,103,3.57,113,688,960
1065,SFG,NL,1970,0.351,0.409,0.262,0,4.5,90,4.06,165,773,931
1064,SDP,NL,1970,0.312,0.391,0.246,0,4.36,91,4.1,172,629,886
1063,PIT,NL,1970,0.325,0.406,0.27,1,3.7,106,3.59,130,676,990
1062,PHI,NL,1970,0.305,0.356,0.238,0,4.17,97,3.55,101,553,1047
1061,OAK,AL,1970,0.325,0.392,0.249,0,3.3,108,3.85,171,630,858
1060,NYY,AL,1970,0.324,0.365,0.251,0,3.24,109,3.7,111,627,777
1059,NYM,NL,1970,0.333,0.37,0.249,0,3.45,116,3.62,120,640,1064
1058,MON,NL,1970,0.323,0.365,0.237,0,4.5,91,4.43,136,646,914
1057,MIN,AL,1970,0.327,0.403,0.262,1,3.23,118,3.59,153,694,940
1056,MIL,AL,1970,0.319,0.358,0.242,0,4.21,90,4.02,126,571,895
1055,LAD,NL,1970,0.334,0.382,0.27,0,3.82,100,3.98,87,695,880
1054,KCR,AL,1970,0.309,0.348,0.244,0,3.78,99,4.0,97,572,915
1053,HOU,NL,1970,0.332,0.391,0.259,0,4.23,92,3.79,129,694,942
1052,DET,AL,1970,0.322,0.374,0.238,0,4.09,92,3.93,148,619,1045
1051,CLE,AL,1970,0.314,0.394,0.249,0,3.91,100,4.12,183,617,1076
1050,CIN,NL,1970,0.336,0.436,0.27,1,3.69,113,3.82,191,726,843
1049,CHW,AL,1970,0.315,0.362,0.253,0,4.54,84,4.32,123,587,762
1048,CHC,NL,1970,0.333,0.415,0.259,0,3.76,119,3.59,179,761,1000
1047,CAL,AL,1970,0.309,0.363,0.251,0,3.48,104,3.98,114,598,922
1046,BOS,AL,1970,0.335,0.428,0.262,0,3.87,103,3.98,203,743,1003
1045,BAL,AL,1970,0.344,0.401,0.257,1,3.15,116,3.59,179,748,941
1044,ATL,NL,1970,0.334,0.404,0.27,0,4.33,98,4.04,160,692,960
1043,WSA,AL,1971,0.307,0.326,0.23,0,3.7,89,3.85,86,501,762
1042,STL,NL,1971,0.338,0.385,0.275,0,3.85,94,3.39,95,686,911
1041,SFG,NL,1971,0.329,0.378,0.247,1,3.32,103,3.49,140,653,831
1040,SDP,NL,1971,0.293,0.332,0.233,0,3.22,103,3.23,96,447,923
1039,PIT,NL,1971,0.33,0.416,0.274,1,3.31,104,3.33,154,744,813
1038,PHI,NL,1971,0.298,0.35,0.233,0,3.71,96,3.62,123,522,838
1037,OAK,AL,1971,0.321,0.384,0.252,1,3.05,109,3.34,160,642,999
1036,NYY,AL,1971,0.328,0.36,0.254,0,3.43,95,3.53,97,607,707
1035,NYM,NL,1971,0.319,0.351,0.249,0,2.99,114,2.92,98,546,1157
1034,MON,NL,1971,0.322,0.343,0.246,0,4.12,85,3.94,88,567,829
1033,MIN,AL,1971,0.323,0.372,0.26,0,3.81,93,3.67,116,618,895
1032,MIL,AL,1971,0.304,0.329,0.229,0,3.38,102,3.78,104,496,795
1031,LAD,NL,1971,0.325,0.37,0.266,0,3.23,100,3.13,95,631,853
1030,KCR,AL,1971,0.313,0.353,0.25,0,3.25,105,3.25,80,573,775
1029,HOU,NL,1971,0.302,0.34,0.24,0,3.13,108,2.96,71,547,914
1028,DET,AL,1971,0.325,0.405,0.254,0,3.63,100,3.55,179,652,1000
1027,CLE,AL,1971,0.3,0.342,0.238,0,4.28,90,4.24,109,507,937
1026,CIN,NL,1971,0.3,0.366,0.241,0,3.35,98,3.52,138,542,750
1025,CHW,AL,1971,0.325,0.373,0.25,0,3.12,116,3.03,138,568,976
1024,CHC,NL,1971,0.325,0.378,0.258,0,3.61,108,3.3,128,603,900
1023,CAL,AL,1971,0.29,0.329,0.231,0,3.1,105,3.42,96,476,904
1022,BOS,AL,1971,0.322,0.397,0.252,0,3.8,97,3.67,161,650,871
1021,BAL,AL,1971,0.347,0.398,0.261,1,2.99,113,3.4,158,702,793
1020,ATL,NL,1971,0.312,0.385,0.257,0,3.75,99,3.72,153,597,823
1019,TEX,AL,1973,0.318,0.361,0.255,0,4.64,80,4.1,110,574,831
1018,STL,NL,1973,0.325,0.357,0.259,0,3.25,113,3.37,75,592,867
1017,SFG,NL,1973,0.335,0.407,0.262,0,3.79,102,3.84,161,684,787
1016,SDP,NL,1973,0.296,0.351,0.244,0,4.16,83,4.02,112,516,845
1015,PIT,NL,1973,0.315,0.405,0.261,0,3.73,95,3.64,154,664,839
1014,PHI,NL,1973,0.31,0.371,0.249,0,3.99,95,3.85,134,592,919
1013,OAK,AL,1973,0.333,0.389,0.26,1,3.29,109,3.83,147,714,797
1012,NYY,AL,1973,0.322,0.378,0.261,0,3.34,110,3.58,131,616,708
1011,NYM,NL,1973,0.315,0.338,0.246,1,3.26,111,3.34,85,553,1027
1010,MON,NL,1973,0.34,0.364,0.251,0,3.71,102,3.99,125,613,866
1009,MIN,AL,1973,0.342,0.393,0.27,0,3.77,105,3.53,120,688,879
1008,MIL,AL,1973,0.325,0.388,0.253,0,3.98,95,4.05,145,669,671
1007,LAD,NL,1973,0.323,0.371,0.263,0,3.0,117,3.39,110,623,961
1006,KCR,AL,1973,0.339,0.381,0.261,0,4.19,97,3.84,114,703,790
1005,HOU,NL,1973,0.312,0.376,0.251,0,3.75,95,3.55,134,634,907
1004,DET,AL,1973,0.32,0.39,0.254,0,3.9,104,3.77,157,592,911
1003,CLE,AL,1973,0.315,0.387,0.256,0,4.58,86,4.2,158,636,883
1002,CIN,NL,1973,0.332,0.383,0.254,1,3.4,100,3.78,137,686,801
1001,CHW,AL,1973,0.324,0.372,0.256,0,3.86,104,3.64,111,598,848
1000,CHC,NL,1973,0.32,0.357,0.247,0,3.66,108,3.47,117,570,885
999,CAL,AL,1973,0.318,0.348,0.253,0,3.53,99,3.46,93,595,1010
998,BOS,AL,1973,0.338,0.401,0.267,0,3.65,110,3.98,147,692,808
997,BAL,AL,1973,0.345,0.389,0.266,1,3.07,121,3.71,119,692,715
996,ATL,NL,1973,0.339,0.427,0.266,0,4.25,94,3.99,206,758,803
995,TEX,AL,1974,0.336,0.377,0.272,0,3.82,93,3.53,99,643,871
994,STL,NL,1974,0.331,0.365,0.265,0,3.48,103,3.66,83,610,794
993,SFG,NL,1974,0.322,0.358,0.252,0,3.78,101,3.79,93,568,756
992,SDP,NL,1974,0.302,0.33,0.229,0,4.58,78,4.09,99,506,855
991,PIT,NL,1974,0.335,0.391,0.274,1,3.49,99,3.6,114,692,721
990,PHI,NL,1974,0.32,0.373,0.261,0,3.91,97,3.82,95,636,892
989,OAK,AL,1974,0.321,0.373,0.247,1,2.95,113,3.29,132,637,755
988,NYY,AL,1974,0.324,0.368,0.263,0,3.31,108,3.52,101,637,829
987,NYM,NL,1974,0.311,0.329,0.235,0,3.42,106,3.3,96,538,908
986,MON,NL,1974,0.335,0.35,0.254,0,3.6,107,3.53,86,610,822
985,MIN,AL,1974,0.336,0.378,0.272,0,3.64,104,3.46,111,632,934
984,MIL,AL,1974,0.309,0.369,0.244,0,3.76,96,3.92,120,612,621
983,LAD,NL,1974,0.342,0.401,0.272,1,2.97,115,3.28,139,744,943
982,KCR,AL,1974,0.327,0.364,0.259,0,3.51,109,3.43,89,623,731
981,HOU,NL,1974,0.322,0.378,0.263,0,3.46,100,3.63,110,603,738
980,DET,AL,1974,0.303,0.366,0.247,0,4.16,91,4.06,131,579,869
979,CLE,AL,1974,0.311,0.37,0.255,0,3.8,95,3.98,131,616,650
978,CIN,NL,1974,0.343,0.394,0.26,0,3.41,102,3.63,135,714,875
977,CHW,AL,1974,0.33,0.389,0.268,0,3.94,96,3.59,135,633,826
976,CHC,NL,1974,0.327,0.365,0.251,0,4.28,89,3.7,110,610,895
975,CAL,AL,1974,0.321,0.356,0.254,0,3.52,97,3.57,95,550,986
974,BOS,AL,1974,0.333,0.377,0.264,0,3.72,105,3.69,109,658,751
973,BAL,AL,1974,0.322,0.37,0.256,1,3.27,105,3.55,116,608,701
972,ATL,NL,1974,0.319,0.363,0.249,0,3.05,124,3.43,120,599,772
971,TEX,AL,1975,0.33,0.371,0.256,0,3.86,97,3.75,134,675,792
970,STL,NL,1975,0.327,0.375,0.273,0,3.57,106,3.56,81,619,824
969,SFG,NL,1975,0.333,0.365,0.259,0,3.74,102,3.59,84,606,856
968,SDP,NL,1975,0.31,0.335,0.244,0,3.48,100,3.61,78,505,713
967,PIT,NL,1975,0.323,0.402,0.263,1,3.01,117,3.42,138,669,768
966,PHI,NL,1975,0.342,0.402,0.269,0,3.82,98,3.52,125,687,897
965,OAK,AL,1975,0.333,0.391,0.254,1,3.27,111,3.58,151,703,784
964,NYY,AL,1975,0.325,0.382,0.264,0,3.29,113,3.5,110,642,809
963,NYM,NL,1975,0.319,0.361,0.256,0,3.39,102,3.35,101,604,989
962,MON,NL,1975,0.317,0.348,0.244,0,3.72,104,3.78,98,542,831
961,MIN,AL,1975,0.341,0.386,0.271,0,4.05,95,4.03,121,669,846
960,MIL,AL,1975,0.32,0.389,0.25,0,4.34,89,4.33,146,632,643
959,LAD,NL,1975,0.325,0.365,0.248,0,2.92,117,3.26,118,606,894
958,KCR,AL,1975,0.333,0.394,0.261,0,3.47,111,3.52,118,667,815
957,HOU,NL,1975,0.32,0.359,0.254,0,4.04,84,3.85,84,606,839
956,DET,AL,1975,0.301,0.366,0.249,0,4.27,93,3.95,125,546,787
955,CLE,AL,1975,0.327,0.392,0.261,0,3.84,98,4.03,153,643,800
954,CIN,NL,1975,0.353,0.401,0.271,1,3.37,107,3.74,124,779,663
953,CHW,AL,1975,0.331,0.358,0.255,0,3.93,100,3.87,94,604,799
952,CHC,NL,1975,0.338,0.368,0.259,0,4.49,84,3.81,95,645,850
951,CAL,AL,1975,0.322,0.328,0.246,0,3.89,91,3.69,55,572,975
950,BOS,AL,1975,0.344,0.417,0.275,1,3.98,104,3.96,134,756,720
949,BAL,AL,1975,0.326,0.373,0.252,0,3.17,112,3.64,124,635,717
948,ATL,NL,1975,0.313,0.346,0.244,0,3.91,97,3.75,107,541,669
947,TEX,AL,1976,0.321,0.341,0.25,0,3.45,104,3.52,80,574,773
946,STL,NL,1976,0.323,0.359,0.26,0,3.6,99,3.7,63,584,731
945,SFG,NL,1976,0.312,0.345,0.246,0,3.53,103,3.33,85,552,746
944,SDP,NL,1976,0.31,0.337,0.247,0,3.65,90,3.69,64,528,652
943,PIT,NL,1976,0.321,0.391,0.267,0,3.36,103,3.41,110,660,762
942,PHI,NL,1976,0.338,0.395,0.272,1,3.08,115,3.1,110,708,918
941,OAK,AL,1976,0.323,0.361,0.246,0,3.26,103,3.43,113,625,711
940,NYY,AL,1976,0.328,0.389,0.269,1,3.19,109,3.53,120,681,674
939,NYM,NL,1976,0.319,0.352,0.246,0,2.94,111,3.0,102,560,1025
938,MON,NL,1976,0.291,0.34,0.235,0,3.99,93,3.81,94,507,783
937,MIN,AL,1976,0.341,0.375,0.274,0,3.69,97,3.71,81,691,762
936,MIL,AL,1976,0.311,0.34,0.246,0,3.64,96,3.85,88,536,677
935,LAD,NL,1976,0.313,0.349,0.251,0,3.02,112,3.5,91,561,747
934,KCR,AL,1976,0.327,0.371,0.269,1,3.21,110,3.44,65,656,735
933,HOU,NL,1976,0.322,0.347,0.256,0,3.56,90,3.72,66,571,780
932,DET,AL,1976,0.315,0.365,0.257,0,3.87,96,3.73,101,566,738
931,CLE,AL,1976,0.321,0.359,0.263,0,3.47,100,3.25,85,567,928
930,CIN,NL,1976,0.357,0.424,0.28,1,3.51,100,3.49,141,802,790
929,CHW,AL,1976,0.314,0.349,0.255,0,4.25,85,3.62,73,538,802
928,CHC,NL,1976,0.313,0.356,0.251,0,3.93,97,3.62,105,559,850
927,CAL,AL,1976,0.306,0.318,0.235,0,3.36,99,3.33,63,511,992
926,BOS,AL,1976,0.324,0.402,0.263,0,3.52,112,3.59,134,664,673
925,BAL,AL,1976,0.31,0.358,0.243,0,3.32,99,3.46,119,576,678
924,ATL,NL,1976,0.32,0.334,0.245,0,3.86,99,3.53,82,586,818
923,TOR,AL,1977,0.316,0.365,0.252,0,4.57,92,4.39,100,553,771
922,TEX,AL,1977,0.342,0.405,0.27,0,3.56,116,3.77,135,704,864
921,STL,NL,1977,0.33,0.388,0.27,0,3.81,102,4.08,96,686,768
920,SFG,NL,1977,0.323,0.383,0.253,0,3.75,105,3.73,134,624,854
919,SEA,AL,1977,0.312,0.381,0.256,0,4.83,85,4.74,133,589,785
918,SDP,NL,1977,0.324,0.375,0.249,0,4.43,80,4.46,120,652,827
917,PIT,NL,1977,0.331,0.413,0.274,0,3.61,110,3.87,133,678,890
916,PHI,NL,1977,0.346,0.448,0.279,1,3.71,109,3.8,186,795,856
915,OAK,AL,1977,0.308,0.352,0.24,0,4.04,99,4.17,117,548,788
914,NYY,AL,1977,0.344,0.444,0.281,1,3.61,109,3.99,184,784,758
913,NYM,NL,1977,0.313,0.346,0.244,0,3.77,99,3.63,88,525,911
912,MON,NL,1977,0.318,0.402,0.26,0,4.01,95,3.99,138,622,856
911,MIN,AL,1977,0.348,0.417,0.282,0,4.36,91,4.21,123,804,737
910,MIL,AL,1977,0.314,0.389,0.258,0,4.32,94,4.23,125,598,719
909,LAD,NL,1977,0.336,0.418,0.266,1,3.22,120,3.48,191,729,930
908,KCR,AL,1977,0.34,0.436,0.277,1,3.52,115,3.65,146,773,850
907,HOU,NL,1977,0.32,0.385,0.254,0,3.54,101,3.69,114,638,871
906,DET,AL,1977,0.318,0.41,0.264,0,4.13,104,4.12,166,676,784
905,CLE,AL,1977,0.334,0.38,0.269,0,4.1,97,3.94,100,631,876
904,CIN,NL,1977,0.345,0.436,0.274,0,4.21,93,4.14,181,750,868
903,CHW,AL,1977,0.344,0.444,0.278,0,4.25,97,3.96,192,809,842
902,CHC,NL,1977,0.33,0.387,0.266,0,4.01,110,3.63,111,649,942
901,CAL,AL,1977,0.324,0.386,0.255,0,3.72,105,3.92,131,636,965
900,BOS,AL,1977,0.345,0.465,0.281,0,4.11,109,3.96,213,828,758
899,BAL,AL,1977,0.329,0.393,0.261,0,3.74,102,3.92,148,677,737
898,ATL,NL,1977,0.32,0.376,0.254,0,4.85,92,4.54,139,638,915
897,TOR,AL,1978,0.308,0.359,0.25,0,4.54,86,4.21,98,551,758
896,TEX,AL,1978,0.332,0.381,0.253,0,3.36,110,3.4,132,650,776
895,STL,NL,1978,0.303,0.358,0.249,0,3.58,99,3.56,79,568,859
894,SFG,NL,1978,0.318,0.374,0.248,0,3.3,105,3.16,117,576,840
893,SEA,AL,1978,0.314,0.359,0.248,0,4.67,81,4.4,97,571,630
892,SDP,NL,1978,0.321,0.348,0.252,0,3.28,101,3.25,75,542,744
891,PIT,NL,1978,0.32,0.385,0.257,0,3.41,109,3.4,115,631,880
890,PHI,NL,1978,0.328,0.388,0.258,1,3.33,108,3.39,133,661,813
889,OAK,AL,1978,0.303,0.351,0.245,0,3.62,101,3.77,100,492,750
888,NYY,AL,1978,0.329,0.388,0.267,1,3.18,115,3.5,125,693,817
887,NYM,NL,1978,0.314,0.352,0.245,0,3.87,90,3.69,86,561,775
886,MON,NL,1978,0.306,0.379,0.254,0,3.42,103,3.86,121,589,740
885,MIN,AL,1978,0.339,0.375,0.267,0,3.69,104,3.67,82,621,703
884,MIL,AL,1978,0.339,0.432,0.276,0,3.65,104,3.69,173,762,577
883,LAD,NL,1978,0.338,0.402,0.264,1,3.12,113,3.4,149,686,800
882,KCR,AL,1978,0.329,0.399,0.268,1,3.44,111,3.71,98,695,657
881,HOU,NL,1978,0.313,0.355,0.258,0,3.63,91,3.34,70,557,930
880,DET,AL,1978,0.339,0.392,0.271,0,3.64,105,3.96,129,666,684
879,CLE,AL,1978,0.323,0.379,0.261,0,3.97,94,3.73,106,596,739
878,CIN,NL,1978,0.334,0.393,0.256,0,3.81,93,3.64,136,669,908
877,CHW,AL,1978,0.317,0.379,0.264,0,4.21,91,4.1,106,595,710
876,CHC,NL,1978,0.331,0.361,0.264,0,4.05,99,3.83,72,612,768
875,CAL,AL,1978,0.33,0.37,0.259,0,3.65,99,3.78,108,646,892
874,BOS,AL,1978,0.336,0.424,0.267,0,3.54,118,3.85,172,738,706
873,BAL,AL,1978,0.326,0.396,0.258,0,3.56,99,3.6,154,612,754
872,ATL,NL,1978,0.315,0.363,0.244,0,4.08,100,3.99,123,558,848
871,TOR,AL,1979,0.311,0.363,0.251,0,4.82,89,4.72,95,562,613
870,TEX,AL,1979,0.334,0.409,0.278,0,3.86,108,4.05,140,718,773
869,STL,NL,1979,0.331,0.401,0.278,0,3.72,103,3.83,100,685,788
868,SFG,NL,1979,0.319,0.365,0.246,0,4.16,85,4.06,125,616,880
867,SEA,AL,1979,0.331,0.404,0.269,0,4.58,96,4.46,132,676,736
866,SDP,NL,1979,0.311,0.348,0.242,0,3.69,95,3.73,93,559,779
865,PIT,NL,1979,0.33,0.416,0.272,1,3.41,114,3.68,148,710,904
864,PHI,NL,1979,0.34,0.396,0.266,0,4.16,92,3.91,119,641,787
863,OAK,AL,1979,0.302,0.346,0.239,0,4.75,85,4.53,108,541,726
862,NYY,AL,1979,0.328,0.406,0.266,0,3.83,106,3.79,150,694,731
861,NYM,NL,1979,0.313,0.35,0.25,0,3.84,95,3.96,74,558,819
860,MON,NL,1979,0.319,0.408,0.264,0,3.14,117,3.63,143,651,813
859,MIN,AL,1979,0.341,0.402,0.278,0,4.13,106,3.86,112,714,721
858,MIL,AL,1979,0.345,0.448,0.28,0,4.03,104,4.22,185,766,580
857,LAD,NL,1979,0.331,0.412,0.263,0,3.83,94,3.73,183,713,811
856,KCR,AL,1979,0.343,0.422,0.282,0,4.45,96,4.5,116,791,640
855,HOU,NL,1979,0.315,0.344,0.256,0,3.2,111,3.45,49,542,854
854,DET,AL,1979,0.339,0.415,0.269,0,4.27,102,4.38,164,729,802
853,CLE,AL,1979,0.34,0.384,0.258,0,4.57,94,4.14,138,707,781
852,CIN,NL,1979,0.338,0.396,0.264,1,3.58,105,3.64,132,686,773
851,CHW,AL,1979,0.333,0.41,0.275,0,4.1,104,4.23,127,680,675
850,CHC,NL,1979,0.329,0.403,0.269,0,3.88,107,3.75,135,663,933
849,CAL,AL,1979,0.351,0.429,0.282,1,4.34,94,4.04,164,808,820
848,BOS,AL,1979,0.344,0.456,0.283,0,4.03,111,3.97,194,805,731
847,BAL,AL,1979,0.336,0.419,0.261,1,3.26,123,3.85,181,717,786
846,ATL,NL,1979,0.318,0.377,0.256,0,4.18,97,3.99,126,626,779
845,TOR,AL,1980,0.309,0.383,0.251,0,4.19,103,4.34,126,580,705
844,TEX,AL,1980,0.339,0.405,0.284,0,4.02,97,3.74,124,720,890
843,STL,NL,1980,0.328,0.4,0.275,0,3.93,95,3.71,101,688,664
842,SFG,NL,1980,0.308,0.342,0.244,0,3.46,103,3.54,80,539,811
841,SEA,AL,1980,0.308,0.356,0.248,0,4.38,94,4.37,104,564,703
840,SDP,NL,1980,0.324,0.342,0.255,0,3.65,94,3.74,67,546,728
839,PIT,NL,1980,0.322,0.388,0.266,0,3.58,103,3.57,116,626,832
838,PHI,NL,1980,0.327,0.4,0.27,1,3.43,110,3.43,117,674,889
837,OAK,AL,1980,0.322,0.385,0.259,0,3.46,108,4.09,137,635,769
836,NYY,AL,1980,0.343,0.425,0.267,1,3.58,110,3.5,189,772,845
835,NYM,NL,1980,0.319,0.345,0.257,0,3.85,92,3.88,61,554,886
834,MON,NL,1980,0.324,0.388,0.257,0,3.48,103,3.51,114,647,823
833,MIN,AL,1980,0.319,0.381,0.265,0,3.93,111,3.82,99,634,744
832,MIL,AL,1980,0.329,0.448,0.275,0,3.71,104,4.11,203,774,575
831,LAD,NL,1980,0.323,0.388,0.263,0,3.25,109,3.55,148,638,835
830,KCR,AL,1980,0.345,0.413,0.286,1,3.83,105,4.05,115,766,614
829,HOU,NL,1980,0.326,0.367,0.261,1,3.1,106,3.1,75,599,929
828,DET,AL,1980,0.348,0.409,0.273,0,4.25,97,4.28,143,767,741
827,CLE,AL,1980,0.35,0.381,0.277,0,4.68,88,4.05,89,692,843
826,CIN,NL,1980,0.327,0.386,0.262,0,3.85,94,3.68,113,668,833
825,CHW,AL,1980,0.311,0.37,0.259,0,3.92,104,3.98,91,547,724
824,CHC,NL,1980,0.309,0.365,0.251,0,3.89,101,3.71,107,578,923
823,CAL,AL,1980,0.332,0.378,0.265,0,4.52,87,4.21,106,655,725
822,BOS,AL,1980,0.34,0.436,0.283,0,4.38,97,4.02,162,717,696
821,BAL,AL,1980,0.342,0.413,0.273,0,3.64,109,3.95,156,751,789
820,ATL,NL,1980,0.307,0.38,0.25,0,3.77,99,3.98,144,597,696
819,TOR,AL,1982,0.314,0.383,0.262,0,3.95,114,4.04,106,605,776
818,TEX,AL,1982,0.308,0.359,0.249,0,4.28,91,4.01,115,558,690
817,STL,NL,1982,0.334,0.364,0.264,1,3.37,109,3.68,67,632,689
816,SFG,NL,1982,0.327,0.376,0.253,0,3.64,98,3.58,133,631,810
815,SEA,AL,1982,0.311,0.381,0.254,0,3.88,109,4.05,130,614,1002
814,SDP,NL,1982,0.311,0.359,0.257,0,3.52,99,3.98,81,611,765
813,PIT,NL,1982,0.327,0.408,0.273,0,3.81,99,3.62,134,688,933
812,PHI,NL,1982,0.323,0.376,0.26,0,3.61,102,3.14,112,624,1002
811,OAK,AL,1982,0.309,0.367,0.236,0,4.54,85,4.74,149,659,697
810,NYY,AL,1982,0.328,0.398,0.256,0,3.99,100,3.49,161,666,939
809,NYM,NL,1982,0.305,0.35,0.247,0,3.88,94,3.98,97,568,759
808,MON,NL,1982,0.325,0.396,0.262,0,3.31,110,3.38,133,656,936
807,MIN,AL,1982,0.316,0.396,0.257,0,4.72,89,4.84,148,624,812
806,MIL,AL,1982,0.335,0.455,0.279,1,3.98,96,4.17,216,843,717
805,LAD,NL,1982,0.327,0.388,0.264,0,3.26,107,3.16,138,661,932
804,KCR,AL,1982,0.337,0.428,0.285,0,4.08,100,4.33,132,746,650
803,HOU,NL,1982,0.302,0.349,0.247,0,3.42,98,3.32,74,533,899
802,DET,AL,1982,0.324,0.418,0.266,0,3.8,106,4.43,177,684,740
801,CLE,AL,1982,0.341,0.373,0.262,0,4.11,101,3.84,109,639,882
800,CIN,NL,1982,0.31,0.35,0.251,0,3.66,101,3.51,82,496,998
799,CHW,AL,1982,0.337,0.413,0.273,0,3.87,105,3.58,136,747,753
798,CHC,NL,1982,0.317,0.375,0.26,0,3.92,95,3.78,102,647,764
797,CAL,AL,1982,0.347,0.433,0.274,1,3.82,106,3.9,186,760,728
796,BOS,AL,1982,0.34,0.407,0.274,0,4.03,108,4.04,136,705,816
795,BAL,AL,1982,0.341,0.419,0.266,0,3.99,102,4.09,179,735,719
794,ATL,NL,1982,0.325,0.383,0.256,1,3.82,99,3.8,146,687,813
793,TOR,AL,1983,0.338,0.436,0.277,0,4.12,105,4.06,167,748,835
792,TEX,AL,1983,0.31,0.366,0.255,0,3.31,121,3.53,106,587,826
791,STL,NL,1983,0.335,0.384,0.27,0,3.79,95,3.93,83,636,709
790,SFG,NL,1983,0.325,0.375,0.247,0,3.7,96,3.82,142,638,881
789,SEA,AL,1983,0.301,0.36,0.24,0,4.12,102,4.04,111,536,910
788,SDP,NL,1983,0.311,0.351,0.25,0,3.62,98,4.01,93,592,850
787,PIT,NL,1983,0.325,0.383,0.264,0,3.55,105,3.46,121,612,1061
786,PHI,NL,1983,0.329,0.373,0.249,1,3.34,108,3.25,125,649,1092
785,OAK,AL,1983,0.326,0.381,0.262,0,4.34,89,4.33,121,662,719
784,NYY,AL,1983,0.337,0.416,0.273,0,3.86,100,3.54,153,728,892
783,NYM,NL,1983,0.3,0.344,0.241,0,3.68,99,3.95,112,542,717
782,MON,NL,1983,0.326,0.386,0.264,0,3.58,100,3.64,102,632,899
781,MIN,AL,1983,0.319,0.401,0.261,0,4.66,91,4.47,141,671,748
780,MIL,AL,1983,0.333,0.418,0.277,0,4.02,94,4.07,132,732,689
779,LAD,NL,1983,0.318,0.379,0.25,1,3.1,116,3.31,146,613,1000
778,KCR,AL,1983,0.32,0.397,0.271,0,4.25,96,4.17,109,653,593
777,HOU,NL,1983,0.32,0.375,0.257,0,3.45,98,3.58,97,615,904
776,DET,AL,1983,0.335,0.427,0.274,0,3.8,103,4.21,156,749,875
775,CLE,AL,1983,0.338,0.369,0.265,0,4.43,97,3.9,86,659,794
774,CIN,NL,1983,0.314,0.356,0.239,0,3.98,95,4.02,107,577,934
773,CHW,AL,1983,0.329,0.413,0.262,1,3.67,114,3.69,157,762,877
772,CHC,NL,1983,0.319,0.401,0.261,0,4.08,93,3.79,140,649,807
771,CAL,AL,1983,0.322,0.393,0.26,0,4.31,94,4.07,154,682,668
770,BOS,AL,1983,0.335,0.409,0.27,0,4.34,101,4.2,142,691,767
769,BAL,AL,1983,0.34,0.421,0.269,1,3.63,109,3.81,168,761,774
768,ATL,NL,1983,0.341,0.4,0.272,0,3.67,106,3.88,130,691,895
767,TOR,AL,1984,0.331,0.421,0.273,0,3.86,107,3.97,143,702,875
766,TEX,AL,1984,0.313,0.377,0.261,0,3.91,106,4.06,120,618,863
765,STL,NL,1984,0.317,0.351,0.252,0,3.58,98,3.57,75,610,808
764,SFG,NL,1984,0.328,0.375,0.265,0,4.39,81,3.91,112,646,854
763,SEA,AL,1984,0.324,0.384,0.258,0,4.31,92,4.03,129,635,972
762,SDP,NL,1984,0.317,0.371,0.259,1,3.48,104,3.94,109,629,812
761,PIT,NL,1984,0.31,0.363,0.255,0,3.11,117,3.36,98,586,995
760,PHI,NL,1984,0.333,0.407,0.266,0,3.62,101,3.39,147,673,904
759,OAK,AL,1984,0.327,0.404,0.259,0,4.48,83,4.52,158,697,695
758,NYY,AL,1984,0.339,0.404,0.276,0,3.78,101,3.58,130,725,992
757,NYM,NL,1984,0.32,0.369,0.257,0,3.6,98,3.53,107,607,1028
756,MON,NL,1984,0.312,0.362,0.251,0,3.31,105,3.64,96,553,861
755,MIN,AL,1984,0.318,0.385,0.265,0,3.85,109,4.25,114,636,713
754,MIL,AL,1984,0.317,0.37,0.262,0,4.06,96,3.97,96,598,785
753,LAD,NL,1984,0.306,0.348,0.244,0,3.17,111,3.09,102,530,1033
752,KCR,AL,1984,0.317,0.399,0.268,1,3.92,102,3.95,117,639,724
751,HOU,NL,1984,0.323,0.371,0.264,0,3.32,100,3.35,79,640,950
750,DET,AL,1984,0.342,0.432,0.271,1,3.49,113,3.74,187,788,914
749,CLE,AL,1984,0.335,0.384,0.265,0,4.26,97,4.09,123,704,803
748,CIN,NL,1984,0.313,0.356,0.244,0,4.16,91,3.83,106,578,946
747,CHW,AL,1984,0.314,0.395,0.247,0,4.13,101,4.07,172,640,840
746,CHC,NL,1984,0.331,0.397,0.26,1,3.75,104,3.41,136,703,879
745,CAL,AL,1984,0.319,0.381,0.249,0,3.96,102,4.04,150,649,754
744,BOS,AL,1984,0.341,0.441,0.283,0,4.18,99,3.89,181,767,927
743,BAL,AL,1984,0.328,0.391,0.252,0,3.71,105,4.13,160,647,714
742,ATL,NL,1984,0.317,0.361,0.247,0,3.57,108,3.8,111,578,859
741,TOR,AL,1985,0.331,0.425,0.269,1,3.31,128,3.92,158,714,823
740,TEX,AL,1985,0.322,0.381,0.253,0,4.56,93,4.2,129,578,863
739,STL,NL,1985,0.335,0.379,0.264,1,3.1,115,3.45,87,687,798
738,SFG,NL,1985,0.299,0.348,0.233,0,3.61,96,3.67,115,517,985
737,SEA,AL,1985,0.326,0.412,0.255,0,4.68,90,4.29,171,686,868
736,SDP,NL,1985,0.32,0.368,0.255,0,3.4,104,3.79,109,611,727
735,PIT,NL,1985,0.311,0.347,0.247,0,3.97,91,3.59,80,535,962
734,PHI,NL,1985,0.312,0.383,0.245,0,3.68,101,3.76,141,628,899
733,OAK,AL,1985,0.325,0.401,0.264,0,4.41,87,4.45,155,690,785
732,NYY,AL,1985,0.344,0.425,0.267,0,3.69,110,3.95,176,793,907
731,NYM,NL,1985,0.323,0.385,0.257,0,3.11,113,3.33,134,651,1039
730,MON,NL,1985,0.31,0.375,0.247,0,3.55,97,3.46,118,593,870
729,MIN,AL,1985,0.326,0.407,0.264,0,4.48,98,4.14,141,678,767
728,MIL,AL,1985,0.319,0.379,0.263,0,4.39,95,4.3,101,636,777
727,LAD,NL,1985,0.328,0.382,0.261,1,2.96,115,3.24,129,632,979
726,KCR,AL,1985,0.313,0.401,0.252,1,3.49,118,3.45,154,657,846
725,HOU,NL,1985,0.319,0.388,0.261,0,3.66,95,3.67,121,666,909
724,DET,AL,1985,0.318,0.424,0.253,0,3.78,108,3.84,202,703,943
723,CLE,AL,1985,0.324,0.385,0.265,0,4.91,85,4.5,116,689,702
722,CIN,NL,1985,0.327,0.376,0.255,0,3.71,101,3.74,114,634,910
721,CHW,AL,1985,0.315,0.392,0.253,0,4.07,107,3.97,146,695,1023
720,CHC,NL,1985,0.324,0.39,0.254,0,4.16,95,4.08,150,640,820
719,CAL,AL,1985,0.333,0.386,0.251,0,3.91,107,4.27,153,685,767
718,BOS,AL,1985,0.347,0.429,0.282,0,4.06,106,3.77,162,760,913
717,BAL,AL,1985,0.336,0.43,0.263,0,4.38,92,4.27,214,773,793
716,ATL,NL,1985,0.315,0.363,0.246,0,4.19,91,4.19,126,598,776
715,TOR,AL,1986,0.329,0.427,0.269,0,4.08,104,3.94,181,767,1002
714,TEX,AL,1986,0.331,0.428,0.267,0,4.11,105,4.22,184,725,1059
713,STL,NL,1986,0.309,0.327,0.236,0,3.37,108,3.97,58,550,761
712,SFG,NL,1986,0.322,0.375,0.253,0,3.33,106,3.76,114,637,992
711,SEA,AL,1986,0.326,0.399,0.253,0,4.65,91,4.32,158,681,944
710,SDP,NL,1986,0.321,0.388,0.261,0,3.99,92,4.15,136,629,934
709,PIT,NL,1986,0.321,0.374,0.25,0,3.9,99,3.99,111,618,924
708,PHI,NL,1986,0.327,0.4,0.253,0,3.85,101,3.92,154,696,874
707,OAK,AL,1986,0.322,0.39,0.252,0,4.31,90,4.43,163,683,937
706,NYY,AL,1986,0.347,0.43,0.271,0,4.11,100,4.2,188,745,878
705,NYM,NL,1986,0.339,0.401,0.263,1,3.11,115,3.31,148,730,1083
704,MON,NL,1986,0.322,0.379,0.254,0,3.78,99,3.62,110,602,1051
703,MIN,AL,1986,0.325,0.428,0.261,0,4.77,90,4.43,196,700,937
702,MIL,AL,1986,0.321,0.385,0.255,0,4.01,108,3.97,127,625,952
701,LAD,NL,1986,0.313,0.37,0.251,0,3.76,92,3.44,130,599,1051
700,KCR,AL,1986,0.313,0.39,0.252,0,3.82,111,3.71,137,618,888
699,HOU,NL,1986,0.322,0.381,0.255,1,3.15,114,3.34,125,613,1160
698,DET,AL,1986,0.338,0.424,0.263,0,4.02,103,4.45,198,751,880
697,CLE,AL,1986,0.337,0.43,0.284,0,4.58,90,4.61,157,775,744
696,CIN,NL,1986,0.325,0.387,0.254,0,3.91,98,3.82,144,670,924
695,CHW,AL,1986,0.31,0.363,0.247,0,3.93,111,4.05,121,605,895
694,CHC,NL,1986,0.318,0.398,0.256,0,4.49,90,3.92,155,638,962
693,CAL,AL,1986,0.338,0.404,0.255,1,3.84,107,3.87,167,743,955
692,BOS,AL,1986,0.346,0.415,0.271,1,3.93,107,3.89,144,752,1033
691,BAL,AL,1986,0.327,0.395,0.258,0,4.3,97,4.21,169,669,954
690,ATL,NL,1986,0.319,0.381,0.25,0,3.97,99,3.8,138,575,932
689,TOR,AL,1987,0.336,0.446,0.269,0,3.74,121,4.04,215,790,1064
688,TEX,AL,1987,0.333,0.43,0.266,0,4.63,97,4.83,194,772,1103
687,STL,NL,1987,0.34,0.378,0.263,1,3.91,106,3.97,94,746,873
686,SFG,NL,1987,0.324,0.43,0.26,1,3.68,106,3.92,205,731,1038
685,SEA,AL,1987,0.335,0.428,0.272,0,4.49,105,4.5,161,717,919
684,SDP,NL,1987,0.332,0.378,0.26,0,4.27,93,4.54,113,621,897
683,PIT,NL,1987,0.33,0.403,0.264,0,4.2,98,4.29,131,684,914
682,PHI,NL,1987,0.327,0.41,0.254,0,4.18,102,4.45,169,662,877
681,OAK,AL,1987,0.333,0.428,0.26,0,4.32,95,4.19,199,761,1042
680,NYY,AL,1987,0.336,0.418,0.262,0,4.36,101,4.43,196,749,900
679,NYM,NL,1987,0.339,0.434,0.268,0,3.84,99,3.78,192,771,1032
678,MON,NL,1987,0.328,0.401,0.265,0,3.92,108,3.75,120,695,1012
677,MIN,AL,1987,0.328,0.43,0.261,1,4.63,99,4.69,196,733,990
676,MIL,AL,1987,0.346,0.428,0.276,0,4.62,99,4.09,163,832,1039
675,LAD,NL,1987,0.309,0.371,0.252,0,3.72,108,3.75,125,594,1097
674,KCR,AL,1987,0.328,0.412,0.262,0,3.86,118,3.97,168,677,923
673,HOU,NL,1987,0.318,0.373,0.253,0,3.84,102,3.71,122,603,1137
672,DET,AL,1987,0.349,0.451,0.272,1,4.02,106,4.37,225,840,976
671,CLE,AL,1987,0.324,0.422,0.263,0,5.28,86,5.06,187,691,849
670,CIN,NL,1987,0.33,0.427,0.266,0,4.24,100,4.17,192,747,919
669,CHW,AL,1987,0.319,0.415,0.258,0,4.3,108,4.66,173,706,792
668,CHC,NL,1987,0.326,0.432,0.264,0,4.55,94,4.25,209,683,1024
667,CAL,AL,1987,0.326,0.401,0.252,0,4.38,99,4.57,172,709,941
666,BOS,AL,1987,0.352,0.43,0.278,0,4.77,96,4.3,174,802,1034
665,BAL,AL,1987,0.322,0.418,0.258,0,5.01,88,4.9,211,701,870
664,ATL,NL,1987,0.339,0.403,0.258,0,4.63,94,4.5,152,696,837
663,TOR,AL,1988,0.332,0.419,0.268,0,3.8,103,4.02,158,706,904
662,TEX,AL,1988,0.32,0.368,0.252,0,4.05,100,4.15,112,589,912
661,STL,NL,1988,0.309,0.337,0.249,0,3.47,101,3.4,71,536,881
660,SFG,NL,1988,0.318,0.368,0.248,0,3.39,97,3.38,113,629,875
659,SEA,AL,1988,0.317,0.398,0.257,0,4.15,100,3.95,148,617,981
658,SDP,NL,1988,0.31,0.351,0.247,0,3.28,105,3.5,94,566,885
657,PIT,NL,1988,0.317,0.369,0.247,0,3.47,98,3.69,110,619,790
656,PHI,NL,1988,0.306,0.355,0.239,0,4.14,86,4.03,106,567,859
655,OAK,AL,1988,0.336,0.399,0.263,1,3.44,111,3.63,156,752,983
654,NYY,AL,1988,0.333,0.395,0.263,0,4.26,93,4.09,148,713,861
653,NYM,NL,1988,0.325,0.396,0.256,1,2.91,111,2.86,152,659,1100
652,MON,NL,1988,0.309,0.373,0.251,0,3.08,117,3.63,107,575,923
651,MIN,AL,1988,0.34,0.421,0.274,0,3.93,104,3.88,151,710,897
650,MIL,AL,1988,0.314,0.375,0.257,0,3.45,116,3.69,113,632,832
649,LAD,NL,1988,0.305,0.352,0.248,1,2.96,114,3.12,99,587,1029
648,KCR,AL,1988,0.321,0.391,0.259,0,3.65,110,3.5,121,671,886
647,HOU,NL,1988,0.306,0.351,0.244,0,3.41,98,3.48,96,575,1049
646,DET,AL,1988,0.324,0.378,0.25,0,3.71,103,3.98,143,650,890
645,CLE,AL,1988,0.314,0.387,0.261,0,4.16,98,3.73,134,629,812
644,CIN,NL,1988,0.309,0.368,0.246,0,3.35,108,3.66,122,588,934
643,CHW,AL,1988,0.303,0.37,0.244,0,4.12,97,4.15,132,573,754
642,CHC,NL,1988,0.31,0.383,0.261,0,3.84,94,3.63,113,612,897
641,CAL,AL,1988,0.321,0.385,0.261,0,4.32,90,4.11,124,660,817
640,BOS,AL,1988,0.357,0.42,0.283,1,3.97,104,3.67,124,760,1085
639,BAL,AL,1988,0.305,0.359,0.238,0,4.54,86,4.37,137,517,709
638,ATL,NL,1988,0.298,0.348,0.242,0,4.09,90,3.8,96,527,810
637,TOR,AL,1989,0.323,0.398,0.26,1,3.58,102,3.55,142,685,849
636,TEX,AL,1989,0.326,0.394,0.263,0,3.91,102,3.74,122,654,1112
635,STL,NL,1989,0.321,0.363,0.258,0,3.36,108,3.41,73,587,844
634,SFG,NL,1989,0.316,0.39,0.25,1,3.3,102,3.75,141,647,802
633,SEA,AL,1989,0.32,0.384,0.257,0,4.0,101,3.8,134,653,897
632,SDP,NL,1989,0.319,0.369,0.251,0,3.38,104,3.7,120,598,933
631,PIT,NL,1989,0.311,0.359,0.241,0,3.64,93,3.85,95,584,827
630,PHI,NL,1989,0.314,0.364,0.243,0,4.04,88,4.01,123,594,899
629,OAK,AL,1989,0.331,0.381,0.261,1,3.09,119,3.52,127,659,930
628,NYY,AL,1989,0.331,0.391,0.269,0,4.5,86,4.21,130,657,787
627,NYM,NL,1989,0.311,0.385,0.246,0,3.29,99,3.42,147,633,1108
626,MON,NL,1989,0.319,0.361,0.247,0,3.48,102,3.51,100,587,1059
625,MIN,AL,1989,0.334,0.402,0.276,0,4.28,98,3.97,117,691,851
624,MIL,AL,1989,0.318,0.382,0.259,0,3.8,102,3.82,126,660,812
623,LAD,NL,1989,0.306,0.339,0.24,0,2.95,117,3.26,89,513,1052
622,KCR,AL,1989,0.329,0.373,0.261,0,3.55,110,3.18,101,653,978
621,HOU,NL,1989,0.306,0.345,0.239,0,3.64,93,3.55,97,598,965
620,DET,AL,1989,0.318,0.351,0.242,0,4.53,85,4.43,116,564,831
619,CLE,AL,1989,0.31,0.365,0.245,0,3.65,109,3.54,127,567,844
618,CIN,NL,1989,0.309,0.37,0.247,0,3.73,97,3.75,128,588,981
617,CHW,AL,1989,0.328,0.383,0.271,0,4.23,90,4.2,94,661,778
616,CHC,NL,1989,0.319,0.387,0.261,1,3.43,111,3.59,124,653,918
615,CAL,AL,1989,0.311,0.386,0.256,0,3.28,117,3.56,145,624,897
614,BOS,AL,1989,0.351,0.403,0.277,0,4.01,103,3.68,108,716,1054
613,BAL,AL,1989,0.326,0.379,0.252,0,4.0,95,4.09,129,659,676
612,ATL,NL,1989,0.298,0.35,0.234,0,3.7,98,3.46,128,544,966
611,TOR,AL,1990,0.328,0.419,0.265,0,3.84,108,3.85,167,729,892
610,TEX,AL,1990,0.331,0.376,0.259,0,3.83,103,3.83,110,641,997
609,STL,NL,1990,0.32,0.358,0.256,0,3.87,98,3.59,73,554,833
608,SFG,NL,1990,0.323,0.396,0.262,0,4.08,90,4.09,152,681,788
607,SEA,AL,1990,0.333,0.373,0.259,0,3.69,106,3.76,107,610,1064
606,SDP,NL,1990,0.32,0.38,0.257,0,3.68,105,3.93,123,628,928
605,PIT,NL,1990,0.33,0.405,0.259,1,3.4,107,3.77,138,693,848
604,PHI,NL,1990,0.327,0.363,0.255,0,4.07,93,4.17,103,619,840
603,OAK,AL,1990,0.336,0.391,0.254,1,3.18,116,3.84,164,693,831
602,NYY,AL,1990,0.3,0.366,0.241,0,4.21,94,4.18,147,561,909
601,NYM,NL,1990,0.323,0.408,0.256,0,3.43,110,3.17,172,734,1217
600,MON,NL,1990,0.322,0.37,0.25,0,3.37,109,3.7,114,607,991
599,MIN,AL,1990,0.324,0.385,0.265,0,4.12,101,3.88,100,625,872
598,MIL,AL,1990,0.32,0.384,0.256,0,4.08,95,3.88,128,680,771
597,LAD,NL,1990,0.328,0.382,0.262,0,3.72,99,3.68,129,669,1021
596,KCR,AL,1990,0.328,0.395,0.267,0,3.93,98,3.73,100,660,1006
595,HOU,NL,1990,0.313,0.345,0.242,0,3.61,103,3.9,94,536,854
594,DET,AL,1990,0.337,0.409,0.259,0,4.39,92,4.49,172,714,856
593,CLE,AL,1990,0.324,0.391,0.267,0,4.26,92,4.26,110,675,860
592,CIN,NL,1990,0.325,0.399,0.265,1,3.39,118,3.69,125,644,1029
591,CHW,AL,1990,0.32,0.379,0.258,0,3.61,107,3.71,106,637,914
590,CHC,NL,1990,0.314,0.392,0.263,0,4.34,95,3.93,136,649,877
589,CAL,AL,1990,0.329,0.391,0.26,0,3.79,100,3.66,147,646,944
588,BOS,AL,1990,0.344,0.395,0.272,1,3.72,110,3.43,106,660,997
587,BAL,AL,1990,0.33,0.37,0.245,0,4.04,94,4.34,132,623,776
586,ATL,NL,1990,0.311,0.396,0.25,0,4.58,88,3.93,162,636,938
585,TOR,AL,1991,0.322,0.4,0.257,1,3.5,121,3.76,133,649,971
584,TEX,AL,1991,0.341,0.424,0.27,0,4.47,91,4.24,177,774,1022
583,STL,NL,1991,0.322,0.357,0.255,0,3.69,101,3.79,68,599,822
582,SFG,NL,1991,0.309,0.381,0.246,0,4.03,89,4.1,141,605,905
581,SEA,AL,1991,0.328,0.383,0.255,0,3.79,109,4.08,126,665,1003
580,SDP,NL,1991,0.31,0.362,0.244,0,3.57,107,3.8,121,591,921
579,PIT,NL,1991,0.338,0.398,0.263,1,3.44,104,3.53,126,725,919
578,PHI,NL,1991,0.303,0.358,0.241,0,3.86,95,3.95,111,590,988
577,OAK,AL,1991,0.331,0.389,0.248,0,4.57,84,4.49,159,716,892
576,NYY,AL,1991,0.316,0.387,0.256,0,4.42,94,4.07,147,630,936
575,NYM,NL,1991,0.317,0.365,0.244,0,3.56,103,3.31,117,605,1028
574,MON,NL,1991,0.308,0.357,0.246,0,3.64,101,3.88,95,536,909
573,MIN,AL,1991,0.344,0.42,0.28,1,3.69,116,3.96,140,733,876
572,MIL,AL,1991,0.336,0.396,0.271,0,4.14,97,4.16,116,750,859
571,LAD,NL,1991,0.326,0.359,0.253,0,3.06,117,3.39,108,605,1028
570,KCR,AL,1991,0.328,0.394,0.264,0,3.92,106,3.59,117,689,1004
569,HOU,NL,1991,0.309,0.347,0.244,0,4.0,87,3.99,79,570,1033
568,DET,AL,1991,0.333,0.416,0.247,0,4.51,93,4.44,209,778,739
567,CLE,AL,1991,0.313,0.35,0.254,0,4.23,99,3.65,79,546,862
566,CIN,NL,1991,0.32,0.403,0.258,0,3.83,101,3.84,164,654,997
565,CHW,AL,1991,0.336,0.391,0.262,0,3.79,105,4.24,139,722,923
564,CHC,NL,1991,0.309,0.39,0.253,0,4.03,96,3.8,159,654,927
563,CAL,AL,1991,0.314,0.374,0.255,0,3.69,112,3.96,115,607,990
562,BOS,AL,1991,0.34,0.401,0.269,0,4.01,108,3.96,126,691,999
561,BAL,AL,1991,0.319,0.401,0.254,0,4.59,87,4.07,170,660,868
560,ATL,NL,1991,0.328,0.393,0.258,1,3.49,112,3.63,141,704,969
559,TOR,AL,1992,0.333,0.414,0.263,1,3.91,104,3.8,163,737,954
558,TEX,AL,1992,0.321,0.393,0.25,0,4.09,94,3.7,159,646,1034
557,STL,NL,1992,0.323,0.375,0.262,0,3.38,101,3.56,94,599,842
556,SFG,NL,1992,0.302,0.355,0.244,0,3.61,93,3.76,105,532,927
555,SEA,AL,1992,0.323,0.402,0.263,0,4.55,87,4.2,149,638,894
554,SDP,NL,1992,0.313,0.386,0.255,0,3.56,101,3.39,135,576,971
553,PIT,NL,1992,0.324,0.381,0.255,1,3.35,104,3.51,106,656,844
552,PHI,NL,1992,0.32,0.377,0.253,0,4.11,86,3.83,118,638,851
551,OAK,AL,1992,0.346,0.386,0.258,1,3.73,100,4.11,142,693,843
550,NYY,AL,1992,0.328,0.406,0.261,0,4.21,93,4.1,163,703,851
549,NYM,NL,1992,0.31,0.342,0.235,0,3.66,96,3.32,93,564,1025
548,MON,NL,1992,0.313,0.37,0.252,0,3.25,108,3.39,102,601,1014
547,MIN,AL,1992,0.341,0.391,0.277,0,3.7,109,3.66,104,701,923
546,MIL,AL,1992,0.33,0.375,0.268,0,3.43,113,3.82,82,683,793
545,LAD,NL,1992,0.313,0.339,0.248,0,3.41,102,3.37,72,499,981
544,KCR,AL,1992,0.315,0.364,0.256,0,3.81,106,3.72,75,568,834
543,HOU,NL,1992,0.313,0.359,0.246,0,3.72,91,3.64,96,582,978
542,DET,AL,1992,0.337,0.407,0.256,0,4.6,86,4.46,182,746,693
541,CLE,AL,1992,0.323,0.383,0.266,0,4.11,96,4.2,127,637,890
540,CIN,NL,1992,0.328,0.382,0.26,0,3.46,106,3.33,99,606,1060
539,CHW,AL,1992,0.336,0.383,0.261,0,3.82,101,4.01,110,686,810
538,CHC,NL,1992,0.307,0.364,0.254,0,3.39,107,3.77,104,566,901
537,CAL,AL,1992,0.301,0.338,0.243,0,3.84,103,3.91,88,537,888
536,BOS,AL,1992,0.321,0.347,0.246,0,3.58,116,3.63,84,567,943
535,BAL,AL,1992,0.34,0.398,0.259,0,3.79,106,3.86,148,680,846
534,ATL,NL,1992,0.316,0.388,0.254,1,3.14,118,3.34,138,641,948
533,TOR,AL,1993,0.35,0.436,0.279,1,4.21,103,4.13,159,796,1023
532,TEX,AL,1993,0.329,0.431,0.267,0,4.28,98,4.22,181,780,957
531,STL,NL,1993,0.341,0.395,0.272,0,4.09,96,4.16,118,724,775
530,SFG,NL,1993,0.34,0.427,0.276,0,3.61,108,4.15,168,759,982
529,SEA,AL,1993,0.339,0.406,0.26,0,4.2,105,4.09,161,681,1083
528,SDP,NL,1993,0.312,0.389,0.252,0,4.23,98,4.23,153,633,957
527,PIT,NL,1993,0.335,0.393,0.267,0,4.77,85,4.31,110,664,832
526,PHI,NL,1993,0.351,0.426,0.274,1,3.95,101,3.85,156,811,1117
525,OAK,AL,1993,0.33,0.394,0.254,0,4.9,84,4.71,158,679,864
524,NYY,AL,1993,0.353,0.435,0.279,0,4.35,96,4.49,178,793,899
523,NYM,NL,1993,0.305,0.39,0.248,0,4.05,99,4.05,158,632,867
522,MON,NL,1993,0.326,0.386,0.257,0,3.55,118,3.94,122,682,934
521,MIN,AL,1993,0.327,0.385,0.264,0,4.71,92,4.23,121,642,901
520,MIL,AL,1993,0.328,0.378,0.258,0,4.45,96,4.45,125,688,810
519,LAD,NL,1993,0.321,0.383,0.261,0,3.5,109,3.71,130,639,1043
518,KCR,AL,1993,0.32,0.397,0.263,0,4.04,114,3.85,125,641,985
517,HOU,NL,1993,0.33,0.409,0.267,0,3.49,111,3.65,138,656,1056
516,FLA,NL,1993,0.314,0.346,0.248,0,4.13,103,4.21,94,542,945
515,DET,AL,1993,0.362,0.434,0.275,0,4.65,92,4.77,178,853,828
514,COL,NL,1993,0.323,0.422,0.273,0,5.41,88,4.72,142,704,913
513,CLE,AL,1993,0.335,0.409,0.275,0,4.58,95,4.7,141,747,888
512,CIN,NL,1993,0.324,0.396,0.264,0,4.51,89,4.19,137,669,996
511,CHW,AL,1993,0.338,0.411,0.265,1,3.7,114,4.02,162,731,974
510,CHC,NL,1993,0.325,0.414,0.27,0,4.18,94,4.17,161,706,905
509,CAL,AL,1993,0.331,0.38,0.26,0,4.34,103,4.46,114,644,843
508,BOS,AL,1993,0.33,0.395,0.264,0,3.77,122,3.99,114,644,997
507,BAL,AL,1993,0.346,0.413,0.267,0,4.31,104,4.4,157,744,900
506,ATL,NL,1993,0.331,0.408,0.262,1,3.14,128,3.5,169,712,1036
505,TOR,AL,1996,0.331,0.42,0.259,0,4.57,110,4.77,177,712,1033
504,TEX,AL,1996,0.358,0.469,0.284,1,4.65,113,4.63,221,890,976
503,STL,NL,1996,0.33,0.407,0.267,1,3.97,106,4.46,142,711,1050
502,SFG,NL,1996,0.331,0.388,0.253,0,4.71,86,4.86,153,707,997
501,SEA,AL,1996,0.366,0.484,0.287,0,5.21,95,5.13,245,954,1000
500,SDP,NL,1996,0.338,0.402,0.265,1,3.72,107,3.88,147,718,1194
499,PIT,NL,1996,0.329,0.407,0.266,0,4.61,95,4.46,138,738,1044
498,PHI,NL,1996,0.325,0.387,0.256,0,4.48,96,4.32,132,604,1044
497,OAK,AL,1996,0.344,0.452,0.265,0,5.2,98,5.22,243,823,884
496,NYY,AL,1996,0.36,0.436,0.288,1,4.65,108,4.25,162,830,1139
495,NYM,NL,1996,0.324,0.412,0.27,0,4.22,96,4.42,147,697,999
494,MON,NL,1996,0.327,0.406,0.262,0,3.78,115,3.99,148,696,1206
493,MIN,AL,1996,0.357,0.425,0.288,0,5.28,97,5.24,118,812,959
492,MIL,AL,1996,0.353,0.441,0.279,0,5.14,101,5.35,178,845,846
491,LAD,NL,1996,0.316,0.384,0.252,1,3.46,112,3.8,150,661,1212
490,KCR,AL,1996,0.332,0.398,0.267,0,4.55,109,4.54,123,689,926
489,HOU,NL,1996,0.336,0.397,0.262,0,4.37,88,4.21,129,703,1163
488,FLA,NL,1996,0.329,0.393,0.257,0,3.95,103,4.1,150,650,1050
487,DET,AL,1996,0.323,0.42,0.256,0,6.38,80,5.83,204,741,957
486,COL,NL,1996,0.355,0.472,0.287,0,5.59,93,5.13,221,909,932
485,CLE,AL,1996,0.369,0.475,0.293,1,4.34,112,4.38,218,904,1033
484,CIN,NL,1996,0.331,0.422,0.256,0,4.32,98,4.48,191,733,1089
483,CHW,AL,1996,0.36,0.447,0.281,0,4.52,105,4.64,195,860,1039
482,CHC,NL,1996,0.32,0.401,0.251,0,4.36,99,4.64,175,725,1027
481,CAL,AL,1996,0.339,0.431,0.276,0,5.3,93,5.24,192,727,1052
480,BOS,AL,1996,0.359,0.457,0.283,0,4.98,101,4.81,209,882,1165
479,BAL,AL,1996,0.35,0.472,0.274,1,5.14,96,4.89,257,914,1047
478,ATL,NL,1996,0.333,0.432,0.27,1,3.52,125,3.5,197,735,1245
477,TOR,AL,1997,0.31,0.389,0.244,0,3.92,116,4.13,147,627,1150
476,TEX,AL,1997,0.334,0.438,0.274,0,4.69,103,4.57,187,773,925
475,STL,NL,1997,0.324,0.396,0.255,0,3.88,108,3.89,144,654,1130
474,SFG,NL,1997,0.337,0.414,0.258,1,4.39,94,4.38,172,746,1044
473,SEA,AL,1997,0.355,0.485,0.28,1,4.78,94,4.54,264,890,1207
472,SDP,NL,1997,0.342,0.407,0.271,0,4.98,79,4.55,152,761,1059
471,PIT,NL,1997,0.329,0.404,0.262,0,4.28,102,4.2,129,686,1080
470,PHI,NL,1997,0.322,0.385,0.255,0,4.85,88,4.4,116,622,1209
469,OAK,AL,1997,0.339,0.423,0.26,0,5.48,81,5.03,197,714,953
468,NYY,AL,1997,0.362,0.436,0.287,1,3.84,117,3.98,161,846,1165
467,NYM,NL,1997,0.332,0.405,0.262,0,3.95,104,4.32,153,741,982
466,MON,NL,1997,0.316,0.425,0.258,0,4.14,101,4.16,172,659,1138
465,MIN,AL,1997,0.333,0.409,0.27,0,5.0,92,4.64,132,730,908
464,MIL,AL,1997,0.325,0.398,0.26,0,4.22,111,4.56,135,643,1016
463,LAD,NL,1997,0.33,0.418,0.268,0,3.62,107,4.09,174,706,1232
462,KCR,AL,1997,0.333,0.407,0.264,0,4.7,100,4.67,158,711,961
461,HOU,NL,1997,0.344,0.403,0.259,1,3.66,109,3.9,133,720,1138
460,FLA,NL,1997,0.346,0.395,0.259,1,3.83,106,4.1,136,703,1188
459,DET,AL,1997,0.332,0.415,0.258,0,4.56,101,4.59,176,743,982
458,COL,NL,1997,0.357,0.478,0.288,0,5.25,99,5.0,239,869,870
457,CLE,AL,1997,0.358,0.467,0.286,1,4.73,99,4.62,220,810,1036
456,CIN,NL,1997,0.321,0.389,0.253,0,4.41,98,4.38,142,612,1159
455,CHW,AL,1997,0.341,0.417,0.273,0,4.73,93,4.64,158,740,961
454,CHC,NL,1997,0.321,0.396,0.263,0,4.44,97,4.62,127,642,1072
453,BOS,AL,1997,0.352,0.463,0.291,0,4.85,97,4.49,185,810,987
452,BAL,AL,1997,0.341,0.429,0.268,1,3.91,113,4.23,196,780,1139
451,ATL,NL,1997,0.343,0.426,0.27,1,3.18,131,3.45,174,755,1196
450,ANA,AL,1997,0.346,0.416,0.272,0,4.52,104,4.83,161,775,1050
449,TOR,AL,1998,0.34,0.448,0.266,0,4.28,108,4.36,221,776,1154
448,TEX,AL,1998,0.357,0.462,0.289,1,4.99,96,4.42,201,894,994
447,TBD,AL,1998,0.321,0.385,0.261,0,4.35,110,4.78,111,579,1008
446,STL,NL,1998,0.341,0.441,0.258,0,4.31,99,4.4,223,781,972
445,SFG,NL,1998,0.353,0.421,0.274,0,4.18,97,4.42,161,800,1089
444,SEA,AL,1998,0.345,0.468,0.276,0,4.93,93,4.54,234,822,1156
443,SDP,NL,1998,0.33,0.409,0.253,1,3.63,108,3.84,167,715,1217
442,PIT,NL,1998,0.311,0.374,0.254,0,3.91,112,4.08,107,613,1112
441,PHI,NL,1998,0.326,0.395,0.264,0,4.64,95,4.43,126,672,1176
440,OAK,AL,1998,0.338,0.397,0.257,0,4.81,94,4.7,149,755,922
439,NYY,AL,1998,0.364,0.46,0.288,1,3.82,116,4.15,207,907,1080
438,NYM,NL,1998,0.33,0.394,0.259,0,3.76,112,4.18,136,671,1129
437,MON,NL,1998,0.31,0.394,0.249,0,4.38,96,4.38,147,602,1017
436,MIN,AL,1998,0.328,0.389,0.266,0,4.75,100,4.48,115,691,952
435,MIL,NL,1998,0.33,0.396,0.26,0,4.63,93,4.62,152,673,1063
434,LAD,NL,1998,0.31,0.387,0.252,0,3.81,106,4.06,159,630,1178
433,KCR,AL,1998,0.324,0.399,0.263,0,5.15,92,4.83,134,686,999
432,HOU,NL,1998,0.356,0.436,0.28,1,3.5,118,3.86,166,818,1187
431,FLA,NL,1998,0.317,0.373,0.248,0,5.18,78,4.97,114,621,1016
430,DET,AL,1998,0.323,0.415,0.264,0,4.93,96,4.81,165,691,947
429,COL,NL,1998,0.347,0.461,0.291,0,4.99,104,4.7,183,791,951
428,CLE,AL,1998,0.347,0.448,0.272,1,4.44,107,4.54,198,811,1037
427,CIN,NL,1998,0.337,0.402,0.262,0,4.44,98,4.45,138,723,1098
426,CHW,AL,1998,0.339,0.444,0.271,0,5.22,88,5.1,198,806,911
425,CHC,NL,1998,0.337,0.433,0.264,1,4.47,98,4.35,212,788,1207
424,BOS,AL,1998,0.348,0.463,0.28,1,4.18,113,4.4,205,827,1025
423,BAL,AL,1998,0.347,0.447,0.273,0,4.74,96,4.4,214,783,1065
422,ATL,NL,1998,0.342,0.453,0.272,1,3.25,128,3.53,215,794,1232
421,ARI,NL,1998,0.314,0.393,0.246,0,4.63,91,4.69,159,621,908
420,ANA,AL,1998,0.335,0.415,0.272,0,4.49,106,4.51,147,739,1091
419,TOR,AL,1999,0.352,0.457,0.28,0,4.92,99,4.77,212,856,1009
418,TEX,AL,1999,0.361,0.479,0.293,1,5.07,100,4.6,230,897,979
417,TBD,AL,1999,0.343,0.411,0.274,0,5.06,98,4.84,145,728,1055
416,STL,NL,1999,0.338,0.426,0.262,0,4.74,97,4.68,194,763,1025
415,SFG,NL,1999,0.356,0.434,0.271,0,4.71,92,4.84,188,828,1076
414,SEA,AL,1999,0.343,0.455,0.269,0,5.24,95,5.08,244,825,980
413,SDP,NL,1999,0.332,0.393,0.252,0,4.47,95,4.57,153,671,1078
412,PIT,NL,1999,0.334,0.419,0.259,0,4.33,107,4.51,171,735,1083
411,PHI,NL,1999,0.351,0.431,0.275,0,4.92,98,5.05,161,797,1030
410,OAK,AL,1999,0.355,0.446,0.259,0,4.69,97,4.53,235,845,967
409,NYY,AL,1999,0.366,0.453,0.282,1,4.13,113,4.35,193,855,1111
408,NYM,NL,1999,0.363,0.434,0.279,1,4.27,104,4.39,181,814,1172
407,MON,NL,1999,0.323,0.427,0.265,0,4.69,96,4.38,163,680,1043
406,MIN,AL,1999,0.328,0.384,0.264,0,5.0,101,4.82,105,643,927
405,MIL,NL,1999,0.353,0.426,0.273,0,5.07,89,5.07,165,777,987
404,LAD,NL,1999,0.339,0.42,0.266,0,4.45,97,4.72,187,761,1077
403,KCR,AL,1999,0.348,0.433,0.282,0,5.35,93,5.31,151,800,831
402,HOU,NL,1999,0.355,0.42,0.267,1,3.83,117,3.69,168,784,1204
401,FLA,NL,1999,0.325,0.395,0.263,0,4.9,88,4.85,128,655,943
400,DET,AL,1999,0.326,0.443,0.261,0,5.17,94,5.05,212,704,976
399,COL,NL,1999,0.348,0.472,0.288,0,6.01,97,5.52,223,863,1032
398,CLE,AL,1999,0.373,0.467,0.289,1,4.89,102,4.78,209,960,1120
397,CIN,NL,1999,0.341,0.451,0.272,0,3.98,117,4.74,209,820,1081
396,CHW,AL,1999,0.337,0.429,0.277,0,4.92,100,5.06,162,742,968
395,CHC,NL,1999,0.329,0.42,0.257,0,5.27,86,4.94,189,717,980
394,BOS,AL,1999,0.35,0.448,0.278,1,4.0,126,4.1,176,808,1131
393,BAL,AL,1999,0.353,0.447,0.279,0,4.77,97,5.01,203,804,982
392,ATL,NL,1999,0.341,0.436,0.266,1,3.63,123,3.85,197,791,1197
391,ARI,NL,1999,0.347,0.459,0.277,1,3.77,122,4.27,216,865,1198
390,ANA,AL,1999,0.322,0.395,0.256,0,4.79,101,4.94,158,673,877
389,TOR,AL,2000,0.341,0.469,0.275,0,5.14,98,4.84,244,826,978
388,TEX,AL,2000,0.352,0.446,0.283,0,5.52,91,5.21,173,806,918
387,TBD,AL,2000,0.329,0.399,0.257,0,4.86,102,4.85,162,692,955
386,STL,NL,2000,0.356,0.455,0.27,1,4.38,107,4.77,235,841,1100
385,SFG,NL,2000,0.362,0.472,0.278,1,4.21,102,4.38,226,889,1076
384,SEA,AL,2000,0.361,0.442,0.269,1,4.49,101,4.65,198,869,998
383,SDP,NL,2000,0.33,0.402,0.254,0,4.52,95,4.84,157,714,1071
382,PIT,NL,2000,0.339,0.424,0.267,0,4.94,94,4.72,168,749,1070
381,PHI,NL,2000,0.329,0.4,0.251,0,4.77,98,4.81,144,668,1123
380,OAK,AL,2000,0.36,0.458,0.27,1,4.58,103,4.61,239,908,963
379,NYY,AL,2000,0.354,0.45,0.277,1,4.76,102,4.61,205,833,1040
378,NYM,NL,2000,0.346,0.43,0.263,1,4.16,107,4.31,198,761,1164
377,MON,NL,2000,0.326,0.432,0.266,0,5.13,94,4.71,178,705,1011
376,MIN,AL,2000,0.337,0.407,0.27,0,5.14,101,4.76,116,711,1042
375,MIL,NL,2000,0.325,0.403,0.246,0,4.63,99,4.98,177,708,967
374,LAD,NL,2000,0.341,0.431,0.257,0,4.1,106,4.52,211,756,1154
373,KCR,AL,2000,0.348,0.425,0.288,0,5.48,93,5.54,150,831,927
372,HOU,NL,2000,0.361,0.477,0.278,0,5.42,92,5.14,249,900,1064
371,FLA,NL,2000,0.331,0.409,0.262,0,4.59,96,4.65,160,691,1051
370,DET,AL,2000,0.343,0.438,0.275,0,4.71,99,4.5,177,785,978
369,COL,NL,2000,0.362,0.455,0.294,0,5.26,110,5.13,161,905,1001
368,CLE,AL,2000,0.367,0.47,0.288,0,4.84,102,4.48,221,889,1213
367,CIN,NL,2000,0.343,0.447,0.274,0,4.33,110,4.88,200,794,1015
366,CHW,AL,2000,0.356,0.47,0.286,1,4.66,108,4.83,216,926,1037
365,CHC,NL,2000,0.335,0.411,0.256,0,5.25,87,5.11,183,722,1143
364,BOS,AL,2000,0.341,0.423,0.267,0,4.23,120,4.29,167,755,1121
363,BAL,AL,2000,0.341,0.435,0.272,0,5.37,88,5.01,184,750,1017
362,ATL,NL,2000,0.346,0.429,0.271,1,4.05,114,4.19,179,758,1093
361,ARI,NL,2000,0.333,0.429,0.265,0,4.35,110,4.28,179,756,1220
360,ANA,AL,2000,0.352,0.472,0.28,0,5.0,101,5.46,236,837,846
359,TOR,AL,2001,0.325,0.43,0.263,0,4.28,107,4.25,195,728,1041
358,TEX,AL,2001,0.344,0.471,0.275,0,5.71,82,5.11,246,844,951
357,TBD,AL,2001,0.32,0.388,0.258,0,4.94,90,4.85,121,645,1030
356,STL,NL,2001,0.339,0.441,0.27,1,3.93,110,4.57,199,768,1083
355,SFG,NL,2001,0.342,0.46,0.266,0,4.18,95,4.12,235,775,1080
354,SEA,AL,2001,0.36,0.445,0.288,1,3.54,117,4.12,169,881,1051
353,SDP,NL,2001,0.336,0.399,0.252,0,4.52,88,4.62,161,753,1088
352,PIT,NL,2001,0.313,0.393,0.247,0,5.05,90,4.63,161,618,908
351,PHI,NL,2001,0.329,0.414,0.26,0,4.15,102,4.31,164,708,1086
350,OAK,AL,2001,0.345,0.439,0.264,1,3.59,122,3.88,199,835,1117
349,NYY,AL,2001,0.334,0.435,0.267,1,4.02,112,3.79,203,774,1266
348,NYM,NL,2001,0.323,0.387,0.249,0,4.07,102,4.07,147,608,1191
347,MON,NL,2001,0.319,0.396,0.253,0,4.68,95,4.46,131,622,1103
346,MIN,AL,2001,0.337,0.433,0.272,0,4.51,101,4.48,164,717,965
345,MIL,NL,2001,0.319,0.426,0.251,0,4.64,92,4.9,209,712,1057
344,LAD,NL,2001,0.323,0.425,0.255,0,4.25,94,4.26,206,714,1212
343,KCR,AL,2001,0.318,0.409,0.266,0,4.87,99,5.0,152,691,911
342,HOU,NL,2001,0.347,0.451,0.271,1,4.37,106,4.48,208,805,1228
341,FLA,NL,2001,0.326,0.423,0.264,0,4.32,98,4.29,166,713,1119
340,DET,AL,2001,0.32,0.409,0.26,0,5.01,86,4.8,139,691,859
339,COL,NL,2001,0.354,0.483,0.292,0,5.29,101,5.13,213,874,1058
338,CLE,AL,2001,0.35,0.458,0.278,1,4.64,97,3.98,212,868,1218
337,CIN,NL,2001,0.324,0.419,0.262,0,4.77,96,4.7,176,690,943
336,CHW,AL,2001,0.334,0.451,0.268,0,4.55,102,4.64,214,770,921
335,CHC,NL,2001,0.336,0.43,0.261,0,4.03,103,3.91,194,748,1344
334,BOS,AL,2001,0.334,0.439,0.266,0,4.15,108,3.94,198,739,1259
333,BAL,AL,2001,0.319,0.38,0.248,0,4.67,92,4.76,136,663,938
332,ATL,NL,2001,0.324,0.412,0.26,1,3.59,124,3.96,174,696,1133
331,ARI,NL,2001,0.341,0.442,0.267,1,3.87,121,4.08,208,776,1297
330,ANA,AL,2001,0.327,0.405,0.261,0,4.2,107,4.48,158,662,947
329,TOR,AL,2002,0.327,0.43,0.261,0,4.8,96,4.56,187,771,991
328,TEX,AL,2002,0.338,0.455,0.269,0,5.15,92,4.84,230,806,1030
327,TBD,AL,2002,0.314,0.39,0.253,0,5.29,84,5.11,133,640,925
326,STL,NL,2002,0.338,0.425,0.268,1,3.7,109,4.09,175,758,1009
325,SFG,NL,2002,0.344,0.442,0.267,1,3.54,109,3.8,198,751,992
324,SEA,AL,2002,0.35,0.419,0.275,0,4.07,105,4.11,152,771,1063
323,SDP,NL,2002,0.321,0.381,0.253,0,4.62,81,4.37,136,627,1108
322,PIT,NL,2002,0.319,0.381,0.244,0,4.23,101,4.49,142,610,920
321,PHI,NL,2002,0.339,0.422,0.259,0,4.17,93,4.18,165,676,1075
320,OAK,AL,2002,0.339,0.432,0.261,1,3.68,118,3.87,205,772,1021
319,NYY,AL,2002,0.354,0.455,0.275,1,3.87,114,3.62,223,857,1135
318,NYM,NL,2002,0.322,0.395,0.256,0,3.89,103,4.14,160,650,1107
317,MON,NL,2002,0.334,0.418,0.261,0,3.97,107,4.08,162,695,1088
316,MIN,AL,2002,0.332,0.437,0.272,1,4.12,109,4.2,167,731,1026
315,MIL,NL,2002,0.32,0.39,0.253,0,4.73,86,4.86,139,597,1026
314,LAD,NL,2002,0.32,0.409,0.264,0,3.69,103,4.12,155,693,1132
313,KCR,AL,2002,0.323,0.398,0.256,0,5.21,96,4.91,140,695,909
312,HOU,NL,2002,0.338,0.417,0.262,0,4.0,108,3.88,167,719,1219
311,FLA,NL,2002,0.337,0.403,0.261,0,4.36,92,4.21,146,653,1104
310,DET,AL,2002,0.3,0.379,0.248,0,4.92,87,4.44,124,546,794
309,COL,NL,2002,0.337,0.423,0.274,0,5.2,92,5.08,152,726,920
308,CLE,AL,2002,0.321,0.412,0.249,0,4.91,90,4.16,192,706,1058
307,CIN,NL,2002,0.33,0.408,0.253,0,4.27,100,4.41,169,678,980
306,CHW,AL,2002,0.338,0.449,0.268,0,4.53,99,4.61,217,819,945
305,CHC,NL,2002,0.321,0.413,0.246,0,4.29,94,4.0,200,676,1333
304,BOS,AL,2002,0.345,0.444,0.277,0,3.75,122,3.74,177,810,1157
303,BAL,AL,2002,0.309,0.403,0.246,0,4.46,97,4.74,165,636,967
302,ATL,NL,2002,0.331,0.409,0.26,1,3.13,133,3.83,164,669,1058
301,ARI,NL,2002,0.346,0.423,0.267,1,3.92,116,3.67,165,783,1303
300,ANA,AL,2002,0.341,0.433,0.282,1,3.69,120,4.25,152,811,999
299,TOR,AL,2003,0.349,0.455,0.279,0,4.69,101,4.46,190,853,984
298,TEX,AL,2003,0.33,0.454,0.266,0,5.67,89,4.9,239,799,1009
297,TBD,AL,2003,0.32,0.404,0.265,0,4.93,90,5.12,137,678,877
296,STL,NL,2003,0.35,0.454,0.279,0,4.6,90,4.75,196,827,969
295,SFG,NL,2003,0.338,0.425,0.264,1,3.73,113,4.09,180,713,1006
294,SEA,AL,2003,0.344,0.41,0.271,0,3.76,115,4.28,139,759,1001
293,SDP,NL,2003,0.333,0.388,0.261,0,4.87,82,4.8,128,641,1091
292,PIT,NL,2003,0.338,0.42,0.267,0,4.64,95,4.52,163,711,926
291,PHI,NL,2003,0.343,0.419,0.261,0,4.04,99,4.12,166,757,1060
290,OAK,AL,2003,0.327,0.417,0.254,1,3.63,123,4.03,176,742,1018
289,NYY,AL,2003,0.356,0.453,0.271,1,4.02,110,3.66,230,845,1119
288,NYM,NL,2003,0.314,0.374,0.247,0,4.48,94,4.61,124,607,907
287,MON,NL,2003,0.326,0.401,0.258,0,4.01,113,4.35,144,682,1028
286,MIN,AL,2003,0.341,0.431,0.277,1,4.41,103,4.26,155,755,997
285,MIL,NL,2003,0.329,0.419,0.256,0,5.02,86,4.88,196,685,1034
284,LAD,NL,2003,0.303,0.368,0.243,0,3.16,128,3.56,124,544,1289
283,KCR,AL,2003,0.336,0.427,0.274,0,5.05,97,4.86,162,781,865
282,HOU,NL,2003,0.336,0.431,0.263,0,3.86,114,4.23,191,763,1139
281,FLA,NL,2003,0.333,0.421,0.266,1,4.04,105,3.8,157,709,1132
280,DET,AL,2003,0.3,0.375,0.24,0,5.3,81,5.01,153,553,764
279,COL,NL,2003,0.344,0.445,0.267,0,5.2,95,4.99,198,814,866
278,CLE,AL,2003,0.316,0.401,0.254,0,4.21,105,4.49,158,660,943
277,CIN,NL,2003,0.318,0.395,0.245,0,5.09,81,4.94,182,669,932
276,CHW,AL,2003,0.331,0.446,0.263,0,4.17,111,4.22,220,766,1056
275,CHC,NL,2003,0.323,0.416,0.259,1,3.83,114,3.8,172,691,1404
274,BOS,AL,2003,0.36,0.491,0.289,1,4.48,104,3.99,238,932,1141
273,BAL,AL,2003,0.323,0.405,0.268,0,4.76,95,4.71,152,695,981
272,ATL,NL,2003,0.349,0.475,0.284,1,4.1,105,4.21,235,872,992
271,ARI,NL,2003,0.33,0.417,0.263,0,3.84,122,3.83,152,696,1291
270,ANA,AL,2003,0.33,0.413,0.268,0,4.28,103,4.57,150,687,980
269,TOR,AL,2004,0.328,0.403,0.26,0,4.91,98,4.77,145,680,956
268,TEX,AL,2004,0.329,0.457,0.266,0,4.53,111,4.64,227,825,979
267,TBD,AL,2004,0.32,0.405,0.258,0,4.81,94,4.93,145,685,923
266,STL,NL,2004,0.344,0.46,0.278,1,3.75,113,4.17,214,817,1041
265,SFG,NL,2004,0.357,0.438,0.27,0,4.29,101,4.31,183,805,1020
264,SEA,AL,2004,0.331,0.396,0.27,0,4.76,95,4.85,136,658,1036
263,SDP,NL,2004,0.342,0.414,0.273,0,4.03,97,4.19,139,722,1079
262,PIT,NL,2004,0.321,0.401,0.26,0,4.29,100,4.24,142,648,1079
261,PHI,NL,2004,0.345,0.443,0.267,0,4.45,101,4.65,215,802,1070
260,OAK,AL,2004,0.343,0.433,0.27,0,4.17,109,4.34,189,752,1034
259,NYY,AL,2004,0.353,0.458,0.268,1,4.69,96,4.27,242,863,1058
258,NYM,NL,2004,0.317,0.409,0.249,0,4.09,105,4.43,185,658,977
257,MON,NL,2004,0.313,0.392,0.249,0,4.33,105,4.71,151,605,1032
256,MIN,AL,2004,0.332,0.431,0.266,1,4.03,117,3.98,191,735,1123
255,MIL,NL,2004,0.321,0.387,0.248,0,4.24,103,4.1,135,601,1098
254,LAD,NL,2004,0.332,0.423,0.262,1,4.01,103,4.36,203,731,1066
253,KCR,AL,2004,0.322,0.397,0.259,0,5.15,93,4.92,150,675,887
252,HOU,NL,2004,0.342,0.436,0.267,1,4.05,107,4.07,187,756,1282
251,FLA,NL,2004,0.329,0.406,0.264,0,4.1,101,4.17,148,677,1116
250,DET,AL,2004,0.337,0.449,0.272,0,4.93,91,4.6,201,800,995
249,COL,NL,2004,0.345,0.455,0.275,0,5.54,89,5.13,202,795,947
248,CLE,AL,2004,0.351,0.444,0.276,0,4.81,91,4.62,184,820,1115
247,CIN,NL,2004,0.331,0.418,0.25,0,5.19,82,5.1,194,713,992
246,CHW,AL,2004,0.333,0.457,0.268,0,4.91,96,4.87,242,823,1013
245,CHC,NL,2004,0.328,0.458,0.268,0,3.81,116,3.98,235,755,1346
244,BOS,AL,2004,0.36,0.472,0.282,1,4.18,116,4.03,222,912,1132
243,BAL,AL,2004,0.345,0.432,0.281,0,4.7,97,4.52,169,803,1090
242,ATL,NL,2004,0.343,0.434,0.27,1,3.74,115,4.15,178,767,1025
241,ARI,NL,2004,0.31,0.393,0.253,0,4.98,92,4.78,135,582,1153
240,ANA,AL,2004,0.341,0.429,0.282,1,4.28,104,4.09,162,783,1164
239,WSN,NL,2005,0.322,0.386,0.252,0,3.87,106,4.16,117,615,997
238,TOR,AL,2005,0.331,0.407,0.265,0,4.06,110,4.42,136,735,958
237,TEX,AL,2005,0.329,0.468,0.267,0,4.96,93,4.37,260,834,932
236,TBD,AL,2005,0.329,0.425,0.274,0,5.39,81,4.89,157,717,949
235,STL,NL,2005,0.339,0.423,0.27,1,3.49,122,4.09,170,757,974
234,SFG,NL,2005,0.319,0.396,0.261,0,4.33,99,4.35,128,617,972
233,SEA,AL,2005,0.317,0.391,0.256,0,4.49,94,4.56,130,657,892
232,SDP,NL,2005,0.333,0.391,0.257,1,4.13,94,3.9,130,655,1133
231,PIT,NL,2005,0.322,0.4,0.259,0,4.42,95,4.57,139,656,958
230,PHI,NL,2005,0.348,0.423,0.27,0,4.21,105,4.29,167,760,1159
229,OAK,AL,2005,0.33,0.407,0.262,0,3.69,118,4.08,155,739,1075
228,NYY,AL,2005,0.355,0.45,0.276,1,4.52,94,4.28,229,847,985
227,NYM,NL,2005,0.322,0.416,0.258,0,3.76,109,3.98,175,683,1012
226,MIN,AL,2005,0.323,0.391,0.259,0,3.71,120,4.0,134,644,965
225,MIL,NL,2005,0.331,0.423,0.259,0,3.97,108,4.2,175,689,1173
224,LAD,NL,2005,0.326,0.395,0.253,0,4.38,94,4.4,149,653,1004
223,LAA,AL,2005,0.325,0.409,0.27,1,3.68,116,3.89,147,726,1126
222,KCR,AL,2005,0.32,0.396,0.263,0,5.49,80,4.74,126,653,924
221,HOU,NL,2005,0.322,0.408,0.256,1,3.51,121,3.84,161,654,1164
220,FLA,NL,2005,0.339,0.409,0.272,0,4.16,96,3.81,128,678,1125
219,DET,AL,2005,0.321,0.428,0.272,0,4.51,94,4.57,168,678,907
218,COL,NL,2005,0.333,0.411,0.267,0,5.13,94,4.7,150,704,981
217,CLE,AL,2005,0.334,0.453,0.271,0,3.61,117,3.92,207,760,1050
216,CIN,NL,2005,0.339,0.446,0.261,0,5.15,83,4.87,222,784,955
215,CHW,AL,2005,0.322,0.425,0.262,1,3.61,125,4.12,200,713,1040
214,CHC,NL,2005,0.324,0.44,0.27,0,4.19,105,4.26,194,674,1256
213,BOS,AL,2005,0.357,0.454,0.281,1,4.74,96,4.28,199,863,959
212,BAL,AL,2005,0.327,0.434,0.269,0,4.56,95,4.51,189,700,1052
211,ATL,NL,2005,0.333,0.435,0.265,1,3.98,107,4.19,184,733,929
210,ARI,NL,2005,0.332,0.421,0.256,0,4.84,91,4.55,191,670,1038
209,WSN,NL,2006,0.338,0.418,0.262,0,5.03,85,4.97,164,695,960
208,TOR,AL,2006,0.348,0.463,0.284,0,4.37,105,4.51,199,778,1076
207,TEX,AL,2006,0.338,0.446,0.278,0,4.6,101,4.44,183,799,972
206,TBD,AL,2006,0.314,0.42,0.255,0,4.96,92,4.83,190,650,979
205,STL,NL,2006,0.337,0.431,0.269,1,4.54,98,4.77,184,745,970
204,SFG,NL,2006,0.324,0.422,0.259,0,4.63,97,4.52,163,711,992
203,SEA,AL,2006,0.325,0.424,0.272,0,4.6,97,4.59,172,703,1067
202,SDP,NL,2006,0.332,0.416,0.263,1,3.87,105,4.27,161,698,1097
201,PIT,NL,2006,0.327,0.397,0.263,0,4.52,98,4.53,141,656,1060
200,PHI,NL,2006,0.347,0.447,0.267,0,4.6,102,4.65,216,823,1138
199,OAK,AL,2006,0.34,0.412,0.26,1,4.21,106,4.42,175,735,1003
198,NYY,AL,2006,0.363,0.461,0.285,1,4.41,103,4.42,210,902,1019
197,NYM,NL,2006,0.334,0.445,0.264,1,4.14,106,4.37,200,800,1161
196,MIN,AL,2006,0.347,0.425,0.287,1,3.95,114,3.99,143,754,1164
195,MIL,NL,2006,0.327,0.42,0.258,0,4.82,95,4.39,180,695,1145
194,LAD,NL,2006,0.348,0.432,0.276,1,4.23,107,4.13,153,787,1068
193,LAA,AL,2006,0.334,0.425,0.274,0,4.04,112,4.03,159,737,1164
192,KCR,AL,2006,0.332,0.411,0.271,0,5.65,83,5.29,124,718,904
191,HOU,NL,2006,0.332,0.409,0.255,0,4.08,109,4.27,174,708,1160
190,FLA,NL,2006,0.331,0.435,0.264,0,4.37,99,4.59,182,713,1088
189,DET,AL,2006,0.329,0.449,0.274,1,3.84,118,4.32,203,785,1003
188,COL,NL,2006,0.341,0.433,0.27,0,4.66,106,4.51,157,761,952
187,CLE,AL,2006,0.349,0.457,0.28,0,4.41,101,4.34,196,839,948
186,CIN,NL,2006,0.336,0.432,0.257,0,4.51,104,4.69,217,718,1053
185,CHW,AL,2006,0.342,0.464,0.28,0,4.61,103,4.56,236,839,1012
184,CHC,NL,2006,0.319,0.422,0.268,0,4.74,98,4.88,166,677,1250
183,BOS,AL,2006,0.351,0.435,0.269,0,4.83,99,4.5,192,777,1070
182,BAL,AL,2006,0.339,0.424,0.277,0,5.35,85,5.09,164,727,1016
181,ATL,NL,2006,0.337,0.455,0.27,0,4.6,97,4.65,222,818,1049
180,ARI,NL,2006,0.331,0.424,0.267,0,4.48,106,4.34,160,743,1115
179,WSN,NL,2007,0.325,0.39,0.256,0,4.58,93,4.92,123,646,931
178,TOR,AL,2007,0.327,0.419,0.259,0,4.0,112,4.28,165,719,1067
177,TEX,AL,2007,0.328,0.426,0.263,0,4.75,96,4.83,179,768,976
176,TBD,AL,2007,0.336,0.433,0.268,0,5.53,82,4.7,187,750,1194
175,STL,NL,2007,0.337,0.405,0.274,0,4.65,95,4.66,141,690,945
174,SFG,NL,2007,0.322,0.387,0.254,0,4.19,107,4.3,131,641,1057
173,SEA,AL,2007,0.337,0.425,0.287,0,4.73,92,4.42,153,754,1020
172,SDP,NL,2007,0.322,0.411,0.251,0,3.7,108,3.81,171,704,1136
171,PIT,NL,2007,0.325,0.411,0.263,0,4.93,89,4.66,148,694,997
170,PHI,NL,2007,0.354,0.458,0.274,1,4.73,97,4.86,213,850,1050
169,OAK,AL,2007,0.338,0.407,0.256,0,4.28,99,4.24,171,711,1036
168,NYY,AL,2007,0.366,0.463,0.29,1,4.49,101,4.51,201,929,1009
167,NYM,NL,2007,0.342,0.432,0.275,0,4.26,101,4.46,177,761,1134
166,MIN,AL,2007,0.33,0.391,0.264,0,4.15,103,4.37,118,671,1094
165,MIL,NL,2007,0.329,0.456,0.262,0,4.41,100,4.22,231,774,1174
164,LAD,NL,2007,0.337,0.406,0.275,0,4.2,106,4.07,129,706,1184
163,LAA,AL,2007,0.345,0.417,0.284,1,4.23,107,4.1,123,776,1156
162,KCR,AL,2007,0.322,0.388,0.261,0,4.48,102,4.55,102,660,993
161,HOU,NL,2007,0.33,0.412,0.26,0,4.68,95,4.73,167,700,1109
160,FLA,NL,2007,0.336,0.448,0.267,0,4.94,88,4.77,201,749,1142
159,DET,AL,2007,0.345,0.458,0.287,0,4.57,100,4.67,177,857,1047
158,COL,NL,2007,0.354,0.437,0.28,1,4.32,112,4.52,171,823,967
157,CLE,AL,2007,0.343,0.428,0.268,1,4.05,112,4.06,178,784,1047
156,CIN,NL,2007,0.335,0.436,0.267,0,4.94,94,4.69,204,747,1068
155,CHW,AL,2007,0.318,0.404,0.246,0,4.77,99,4.56,190,667,1015
154,CHC,NL,2007,0.333,0.422,0.271,1,4.04,115,4.36,151,711,1211
153,BOS,AL,2007,0.362,0.444,0.279,1,3.87,123,4.14,166,829,1149
152,BAL,AL,2007,0.333,0.412,0.272,0,5.17,89,4.79,142,718,1087
151,ATL,NL,2007,0.339,0.435,0.275,0,4.11,107,4.45,176,781,1106
150,ARI,NL,2007,0.321,0.413,0.25,1,4.13,115,4.52,171,687,1088
149,WSN,NL,2008,0.323,0.373,0.251,0,4.66,93,4.71,117,608,1063
148,TOR,AL,2008,0.331,0.399,0.264,0,3.49,122,3.81,126,681,1184
147,TEX,AL,2008,0.354,0.462,0.283,0,5.37,83,4.83,194,867,963
146,TBR,AL,2008,0.34,0.422,0.26,1,3.82,116,4.22,180,735,1143
145,STL,NL,2008,0.35,0.433,0.281,0,4.19,101,4.4,174,744,957
144,SFG,NL,2008,0.321,0.382,0.262,0,4.38,101,4.24,94,606,1240
143,SEA,AL,2008,0.318,0.389,0.265,0,4.73,90,4.59,124,631,1016
142,SDP,NL,2008,0.317,0.39,0.25,0,4.41,87,4.33,154,615,1100
141,PIT,NL,2008,0.32,0.403,0.258,0,5.08,82,4.84,153,705,963
140,PHI,NL,2008,0.332,0.438,0.255,1,3.88,112,4.3,214,762,1081
139,OAK,AL,2008,0.318,0.369,0.242,0,4.01,103,4.19,125,610,1061
138,NYY,AL,2008,0.342,0.427,0.271,0,4.28,103,3.96,180,758,1141
137,NYM,NL,2008,0.34,0.42,0.266,0,4.07,104,4.32,172,751,1181
136,MIN,AL,2008,0.34,0.408,0.279,0,4.16,101,4.3,111,791,995
135,MIL,NL,2008,0.325,0.431,0.253,1,3.85,109,4.34,198,722,1110
134,LAD,NL,2008,0.333,0.399,0.264,1,3.68,114,3.67,137,659,1205
133,LAA,AL,2008,0.33,0.413,0.268,1,3.99,112,4.12,159,721,1106
132,KCR,AL,2008,0.32,0.397,0.269,0,4.48,96,4.21,120,650,1085
131,HOU,NL,2008,0.323,0.415,0.263,0,4.36,96,4.53,167,684,1095
130,FLA,NL,2008,0.326,0.433,0.254,0,4.43,98,4.37,208,741,1127
129,DET,AL,2008,0.34,0.444,0.271,0,4.9,91,4.79,200,780,991
128,COL,NL,2008,0.336,0.415,0.263,0,4.77,99,4.3,160,714,1041
127,CLE,AL,2008,0.339,0.424,0.262,0,4.45,95,4.33,171,772,986
126,CIN,NL,2008,0.321,0.408,0.247,0,4.55,97,4.54,187,677,1227
125,CHW,AL,2008,0.332,0.448,0.263,1,4.06,112,4.0,235,785,1147
124,CHC,NL,2008,0.354,0.443,0.278,1,3.87,118,4.09,184,811,1264
123,BOS,AL,2008,0.358,0.447,0.28,1,4.01,116,4.09,173,807,1185
122,BAL,AL,2008,0.333,0.429,0.267,0,5.13,87,5.14,172,750,922
121,ATL,NL,2008,0.345,0.408,0.27,0,4.46,94,4.35,130,721,1076
120,ARI,NL,2008,0.327,0.415,0.251,0,3.98,116,3.84,159,683,1229
119,WSN,NL,2009,0.337,0.406,0.258,0,5.0,85,4.82,156,685,911
118,TOR,AL,2009,0.333,0.44,0.266,0,4.47,100,4.35,209,766,1181
117,TEX,AL,2009,0.32,0.445,0.26,0,4.38,106,4.49,224,748,1016
116,TBR,AL,2009,0.343,0.439,0.263,0,4.33,100,4.37,199,765,1125
115,STL,NL,2009,0.332,0.415,0.263,1,3.66,112,3.82,160,694,1049
114,SFG,NL,2009,0.309,0.389,0.257,0,3.55,120,3.85,122,612,1302
113,SEA,AL,2009,0.314,0.402,0.258,0,3.87,110,4.39,160,613,1043
112,SDP,NL,2009,0.321,0.381,0.242,0,4.37,87,4.3,141,605,1187
111,PIT,NL,2009,0.318,0.387,0.252,0,4.59,91,4.48,125,612,919
110,PHI,NL,2009,0.334,0.447,0.258,1,4.16,101,4.36,224,788,1153
109,OAK,AL,2009,0.328,0.397,0.262,0,4.26,103,4.1,135,723,1124
108,NYY,AL,2009,0.362,0.478,0.283,1,4.26,108,4.32,244,881,1260
107,NYM,NL,2009,0.335,0.394,0.27,0,4.45,92,4.5,95,631,1031
106,MIN,AL,2009,0.345,0.429,0.274,1,4.5,98,4.39,172,770,1052
105,MIL,NL,2009,0.341,0.426,0.263,0,4.83,85,4.84,182,757,1104
104,LAD,NL,2009,0.346,0.412,0.27,1,3.41,118,3.8,145,739,1272
103,LAA,AL,2009,0.35,0.441,0.285,1,4.45,99,4.45,173,841,1062
102,KCR,AL,2009,0.318,0.405,0.259,0,4.83,92,4.36,144,657,1153
101,HOU,NL,2009,0.319,0.4,0.26,0,4.54,91,4.35,142,616,1144
100,FLA,NL,2009,0.34,0.416,0.268,0,4.29,100,4.15,159,727,1248
99,DET,AL,2009,0.331,0.416,0.26,0,4.29,104,4.53,183,718,1102
98,COL,NL,2009,0.343,0.441,0.261,1,4.22,112,3.96,190,760,1154
97,CLE,AL,2009,0.339,0.417,0.264,0,5.06,84,4.73,161,730,986
96,CIN,NL,2009,0.318,0.394,0.247,0,4.18,101,4.63,158,637,1069
95,CHW,AL,2009,0.329,0.411,0.258,0,4.14,113,4.21,184,695,1119
94,CHC,NL,2009,0.332,0.407,0.255,0,3.84,116,4.11,161,678,1272
93,BOS,AL,2009,0.352,0.454,0.27,1,4.35,107,4.14,212,822,1230
92,BAL,AL,2009,0.332,0.415,0.268,0,5.15,89,5.03,160,708,933
91,ATL,NL,2009,0.339,0.405,0.263,0,3.57,116,3.66,149,700,1232
90,ARI,NL,2009,0.324,0.418,0.253,0,4.42,101,4.2,173,686,1158
89,WSN,NL,2010,0.318,0.39,0.25,0,4.13,98,4.12,149,634,1068
88,TOR,AL,2010,0.312,0.454,0.248,0,4.22,100,4.04,257,732,1184
87,TEX,AL,2010,0.338,0.419,0.276,1,3.93,114,4.17,162,740,1181
86,TBR,AL,2010,0.333,0.403,0.247,1,3.78,103,4.09,160,769,1189
85,STL,NL,2010,0.332,0.402,0.263,0,3.57,109,3.85,150,689,1094
84,SFG,NL,2010,0.321,0.408,0.257,1,3.36,117,3.74,162,660,1331
83,SEA,AL,2010,0.298,0.339,0.236,0,3.93,100,4.17,101,485,973
82,SDP,NL,2010,0.317,0.371,0.246,0,3.39,108,3.66,132,630,1295
81,PIT,NL,2010,0.304,0.373,0.242,0,5.0,81,4.45,126,570,1026
80,PHI,NL,2010,0.332,0.413,0.26,1,3.67,111,3.93,166,736,1183
79,OAK,AL,2010,0.324,0.378,0.256,0,3.56,115,4.13,109,619,1070
78,NYY,AL,2010,0.35,0.436,0.267,1,4.06,107,4.34,201,823,1154
77,NYM,NL,2010,0.314,0.383,0.249,0,3.7,105,4.0,128,625,1106
76,MIN,AL,2010,0.341,0.422,0.273,1,3.95,103,3.91,142,749,1048
75,MIL,NL,2010,0.335,0.424,0.262,0,4.58,88,4.21,182,710,1258
74,LAD,NL,2010,0.322,0.379,0.252,0,4.01,97,3.76,120,621,1274
73,LAA,AL,2010,0.311,0.39,0.248,0,4.04,99,4.11,155,656,1130
72,KCR,AL,2010,0.331,0.399,0.274,0,4.97,85,4.48,121,640,1035
71,HOU,NL,2010,0.303,0.362,0.247,0,4.09,97,3.89,108,577,1210
70,FLA,NL,2010,0.321,0.403,0.254,0,4.08,102,3.92,152,686,1168
69,DET,AL,2010,0.335,0.415,0.268,0,4.3,98,4.15,152,717,1056
68,COL,NL,2010,0.336,0.425,0.263,0,4.14,112,3.83,173,741,1234
67,CLE,AL,2010,0.322,0.378,0.248,0,4.3,92,4.4,128,601,967
66,CIN,NL,2010,0.338,0.436,0.272,1,4.01,102,4.12,188,761,1130
65,CHW,AL,2010,0.332,0.42,0.268,0,4.09,105,3.8,177,710,1149
64,CHC,NL,2010,0.32,0.401,0.257,0,4.18,100,4.11,149,658,1268
63,BOS,AL,2010,0.339,0.451,0.268,0,4.2,104,4.08,211,782,1207
62,BAL,AL,2010,0.316,0.386,0.259,0,4.59,91,4.57,133,577,1007
61,ATL,NL,2010,0.339,0.401,0.258,1,3.56,110,3.65,139,699,1241
60,ARI,NL,2010,0.325,0.416,0.25,0,4.81,89,4.76,180,691,1070
59,WSN,NL,2011,0.309,0.383,0.242,0,3.58,107,3.83,154,594,1049
58,TOR,AL,2011,0.317,0.413,0.249,0,4.32,99,4.29,186,704,1169
57,TEX,AL,2011,0.34,0.46,0.283,1,3.79,117,3.98,210,807,1179
56,TBR,AL,2011,0.322,0.402,0.244,1,3.58,105,4.03,172,674,1143
55,STL,NL,2011,0.341,0.425,0.273,1,3.74,99,3.75,162,726,1098
54,SFG,NL,2011,0.303,0.368,0.242,0,3.2,109,3.33,121,534,1316
53,SEA,AL,2011,0.292,0.348,0.233,0,3.9,97,3.84,109,534,1088
52,SDP,NL,2011,0.305,0.349,0.237,0,3.42,104,3.73,91,563,1139
51,PIT,NL,2011,0.309,0.368,0.244,0,4.04,92,4.2,107,580,1031
50,PHI,NL,2011,0.323,0.395,0.253,1,3.02,127,3.24,153,693,1299
49,OAK,AL,2011,0.311,0.369,0.244,0,3.71,109,3.8,114,612,1160
48,NYY,AL,2011,0.343,0.444,0.263,1,3.73,116,3.87,222,836,1222
47,NYM,NL,2011,0.335,0.391,0.264,0,4.19,88,4.0,108,676,1126
46,MIN,AL,2011,0.306,0.36,0.247,0,4.58,89,4.3,103,572,940
45,MIL,NL,2011,0.325,0.425,0.261,1,3.63,109,3.59,185,693,1257
44,LAD,NL,2011,0.322,0.375,0.257,0,3.54,104,3.61,117,613,1265
43,LAA,AL,2011,0.313,0.402,0.253,0,3.57,106,3.89,155,629,1058
42,KCR,AL,2011,0.329,0.415,0.275,0,4.44,92,4.27,129,705,1080
41,HOU,NL,2011,0.311,0.374,0.258,0,4.51,84,4.35,95,579,1191
40,FLA,NL,2011,0.318,0.388,0.247,0,3.95,99,3.79,149,596,1218
39,DET,AL,2011,0.34,0.434,0.277,1,4.04,103,3.95,169,750,1115
38,COL,NL,2011,0.329,0.41,0.258,0,4.43,103,4.24,163,697,1118
37,CLE,AL,2011,0.317,0.396,0.25,0,4.23,93,4.06,154,671,1024
36,CIN,NL,2011,0.326,0.408,0.256,0,4.16,95,4.37,183,697,1112
35,CHW,AL,2011,0.319,0.388,0.252,0,4.1,106,3.66,154,625,1220
34,CHC,NL,2011,0.314,0.401,0.256,0,4.33,90,4.11,148,610,1224
33,BOS,AL,2011,0.349,0.461,0.28,0,4.2,103,4.05,203,842,1213
32,BAL,AL,2011,0.316,0.413,0.257,0,4.89,86,4.67,191,684,1044
31,ATL,NL,2011,0.308,0.387,0.243,0,3.48,110,3.49,173,606,1332
30,ARI,NL,2011,0.322,0.413,0.25,1,3.8,104,4.02,172,702,1058
29,WSN,NL,2012,0.322,0.428,0.261,1,3.33,120,3.54,194,688,1325
28,TOR,AL,2012,0.309,0.407,0.245,0,4.64,91,4.66,198,677,1142
27,TEX,AL,2012,0.334,0.446,0.273,1,3.99,109,3.9,200,780,1286
26,TBR,AL,2012,0.317,0.394,0.24,0,3.19,121,3.51,175,665,1383
25,STL,NL,2012,0.338,0.421,0.271,1,3.71,103,3.62,159,732,1218
24,SFG,NL,2012,0.327,0.397,0.269,1,3.68,96,3.78,103,675,1237
23,SEA,AL,2012,0.296,0.369,0.234,0,3.76,102,4.0,149,584,1166
22,SDP,NL,2012,0.319,0.38,0.247,0,4.01,90,4.11,121,610,1205
21,PIT,NL,2012,0.304,0.395,0.243,0,3.86,97,3.93,170,620,1192
20,PHI,NL,2012,0.317,0.4,0.255,0,3.83,105,3.72,158,659,1385
19,OAK,AL,2012,0.31,0.404,0.238,1,3.48,112,3.89,195,676,1136
18,NYY,AL,2012,0.337,0.453,0.265,1,3.84,110,3.98,245,774,1318
17,NYM,NL,2012,0.316,0.386,0.249,0,4.09,93,3.93,139,625,1240
16,MIN,AL,2012,0.325,0.39,0.26,0,4.77,86,4.66,131,666,943
15,MIL,NL,2012,0.325,0.437,0.259,0,4.22,98,3.82,202,741,1402
14,MIA,NL,2012,0.308,0.382,0.244,0,4.09,100,3.89,137,576,1113
13,LAD,NL,2012,0.317,0.374,0.252,0,3.34,114,3.64,116,607,1276
12,LAA,AL,2012,0.332,0.433,0.274,0,4.02,95,4.26,187,732,1157
11,KCR,AL,2012,0.317,0.4,0.265,0,4.3,98,4.18,131,643,1177
10,HOU,NL,2012,0.302,0.371,0.236,0,4.56,89,4.27,146,545,1170
9,DET,AL,2012,0.335,0.422,0.268,1,3.75,113,3.63,163,698,1318
8,COL,NL,2012,0.33,0.436,0.274,0,5.22,89,4.59,166,716,1144
7,CLE,AL,2012,0.324,0.381,0.251,0,4.78,82,4.4,136,635,1086
6,CIN,NL,2012,0.315,0.411,0.251,1,3.34,123,3.72,172,636,1248
5,CHW,AL,2012,0.318,0.422,0.255,0,4.02,106,4.23,211,726,1246
4,CHC,NL,2012,0.302,0.378,0.24,0,4.51,91,4.46,137,570,1128
3,BOS,AL,2012,0.315,0.415,0.26,0,4.7,90,4.41,165,695,1176
2,BAL,AL,2012,0.311,0.417,0.247,1,3.9,109,4.2,214,677,1177
1,ATL,NL,2012,0.32,0.389,0.247,1,3.42,117,3.74,149,660,1232
0,ARI,NL,2012,0.328,0.418,0.259,0,3.93,104,3.8,165,710,1200
1232,BOS,N/A,2013,0.349,0.446,0.277,0,3.79,109,3.84,178,819,1294
1233,STL,N/A,2013,0.332,0.401,0.269,0,3.42,110,3.39,125,745,1254
1234,ATL,N/A,2013,0.321,0.402,0.249,0,3.18,118,3.44,181,656,1232
1235,OAK,N/A,2013,0.327,0.419,0.254,0,3.56,109,3.83,186,725,1183
1236,PIT,N/A,2013,0.313,0.396,0.245,0,3.26,109,3.42,161,603,1261
1237,DET,N/A,2013,0.346,0.434,0.283,0,3.61,116,3.27,176,767,1428
1238,LAD,N/A,2013,0.326,0.396,0.264,0,3.25,110,3.44,138,618,1292
1239,CLE,N/A,2013,0.327,0.41,0.255,0,3.82,100,3.73,171,711,1379
1240,TBR,N/A,2013,0.329,0.408,0.257,0,3.74,103,3.71,165,670,1310
1241,TEX,N/A,2013,0.323,0.412,0.262,1,3.62,114,3.77,176,691,1309
1242,CIN,N/A,2013,0.327,0.391,0.249,1,3.38,112,3.81,155,664,1296
1243,WSN,N/A,2013,0.313,0.398,0.251,1,3.59,106,3.56,161,621,1236
1244,KCR,N/A,2013,0.315,0.379,0.26,1,3.45,120,3.83,112,620,1208
1245,BAL,N/A,2013,0.313,0.431,0.26,1,4.2,98,4.33,212,719,1169
1246,NYY,N/A,2013,0.307,0.376,0.242,1,3.94,102,3.89,144,614,1233
1247,ARI,N/A,2013,0.323,0.391,0.259,1,3.92,99,4.04,130,647,1218
1248,LAA,N/A,2013,0.329,0.414,0.264,1,4.23,89,4.08,164,696,1200
1249,SDP,N/A,2013,0.308,0.378,0.245,1,3.98,86,4.0,146,578,1171
1250,SFG,N/A,2013,0.32,0.381,0.26,1,4.0,87,3.8,107,596,1256
1251,NYM,N/A,2013,0.306,0.366,0.237,1,3.77,95,3.79,130,593,1209
1252,MIL,N/A,2013,0.311,0.398,0.252,1,3.84,101,4.12,157,610,1125
1253,COL,N/A,2013,0.323,0.418,0.27,1,4.44,101,3.96,159,673,1064
1254,TOR,N/A,2013,0.318,0.411,0.252,1,4.25,97,4.3,185,669,1208
1255,PHI,N/A,2013,0.306,0.384,0.248,1,4.32,87,3.94,140,578,1199
1256,SEA,N/A,2013,0.306,0.39,0.237,1,4.31,86,3.89,188,597,1297
1257,MIN,N/A,2013,0.312,0.38,0.242,1,4.55,90,4.23,151,590,985
1258,CHC,N/A,2013,0.3,0.392,0.238,1,4.0,97,4.1,172,576,1184
1259,CHW,N/A,2013,0.302,0.378,0.249,1,3.98,106,4.13,148,574,1249
1260,MIA,N/A,2013,0.293,0.335,0.231,1,3.71,104,3.69,95,485,1177
1261,HOU,N/A,2013,0.299,0.375,0.24,1,4.79,85,4.67,148,566,1084
1262,LAA,N/A,2014,0.322,0.406,0.259,0,3.58,101,3.57,155,729,1342
1263,WSN,N/A,2014,0.321,0.393,0.253,0,3.03,124,3.17,152,635,1288
1264,BAL,N/A,2014,0.311,0.422,0.256,0,3.43,115,3.96,211,681,1174
1265,LAD,N/A,2014,0.333,0.406,0.265,0,3.4,103,3.48,134,686,1373
1266,STL,N/A,2014,0.32,0.369,0.253,0,3.5,104,3.65,105,585,1221
1267,DET,N/A,2014,0.331,0.426,0.277,0,4.01,97,3.6,155,731,1244
1268,KCR,N/A,2014,0.314,0.376,0.263,0,3.51,113,3.69,95,604,1168
1269,SFG,N/A,2014,0.311,0.388,0.255,0,3.5,99,3.58,132,636,1211
1270,PIT,N/A,2014,0.33,0.404,0.259,0,3.47,103,3.8,156,659,1228
1271,OAK,N/A,2014,0.32,0.381,0.244,1,3.22,116,3.67,146,686,1244
1272,SEA,N/A,2014,0.3,0.376,0.244,1,3.17,115,3.61,136,600,1317
1273,CLE,N/A,2014,0.317,0.389,0.253,1,3.56,110,3.42,142,644,1450
1274,NYY,N/A,2014,0.307,0.38,0.245,1,3.75,103,3.67,147,591,1370
1275,TOR,N/A,2014,0.323,0.414,0.259,1,4.0,95,3.97,177,690,1199
1276,MIL,N/A,2014,0.311,0.397,0.25,1,3.67,103,3.89,150,617,1246
1277,NYM,N/A,2014,0.308,0.364,0.239,1,3.49,99,3.75,125,602,1303
1278,ATL,N/A,2014,0.305,0.36,0.241,1,3.38,106,3.47,123,545,1301
1279,SDP,N/A,2014,0.292,0.342,0.226,1,3.27,104,3.46,109,500,1284
1280,MIA,N/A,2014,0.317,0.378,0.253,1,3.78,98,3.56,122,614,1190
1281,TBR,N/A,2014,0.317,0.367,0.247,1,3.56,105,3.56,117,586,1437
1282,CIN,N/A,2014,0.296,0.365,0.238,1,3.59,103,4.01,131,562,1290
1283,CHW,N/A,2014,0.31,0.398,0.253,1,4.29,88,4.09,155,625,1152
1284,PHI,N/A,2014,0.302,0.363,0.242,1,3.79,99,3.81,125,584,1255
1285,CHC,N/A,2014,0.3,0.385,0.239,1,3.91,97,3.51,157,590,1311
1286,BOS,N/A,2014,0.316,0.369,0.244,1,4.01,100,3.93,123,601,1213
1287,HOU,N/A,2014,0.309,0.383,0.242,1,4.11,94,3.93,163,596,1137
1288,MIN,N/A,2014,0.324,0.389,0.254,1,4.57,86,3.97,128,675,1031
1289,TEX,N/A,2014,0.314,0.375,0.256,1,4.49,89,4.22,111,597,1110
1290,COL,N/A,2014,0.327,0.445,0.276,1,4.84,88,4.43,186,721,1074
1291,ARI,N/A,2014,0.302,0.376,0.248,1,4.26,88,3.83,118,573,1278
1292,STL,N/A,2015,0.321,0.394,0.253,0,2.94,134,3.47,137,619,1329
1293,PIT,N/A,2015,0.323,0.396,0.26,0,3.21,121,3.36,140,661,1338
1294,CHC,N/A,2015,0.321,0.398,0.244,0,3.36,114,3.3,171,657,1431
1295,KCR,N/A,2015,0.322,0.412,0.269,0,3.73,112,4.04,139,689,1160
1296,TOR,N/A,2015,0.34,0.457,0.269,0,3.8,108,4.09,232,852,1117
1297,LAD,N/A,2015,0.326,0.413,0.25,0,3.44,107,3.41,187,638,1396
1298,NYM,N/A,2015,0.312,0.4,0.244,0,3.43,111,3.53,177,654,1337
1299,TEX,N/A,2015,0.325,0.413,0.257,0,4.24,100,4.34,172,707,1095
1300,NYY,N/A,2015,0.323,0.421,0.251,0,4.03,101,3.97,212,737,1370
1301,HOU,N/A,2015,0.315,0.437,0.25,1,3.57,110,3.66,230,691,1280
1302,LAA,N/A,2015,0.307,0.396,0.246,1,3.94,96,4.06,176,621,1221
1303,SFG,N/A,2015,0.326,0.406,0.267,1,3.72,103,3.91,136,663,1165
1304,MIN,N/A,2015,0.305,0.399,0.247,1,4.07,100,4.1,156,661,1046
1305,WSN,N/A,2015,0.321,0.403,0.251,1,3.62,110,3.45,177,665,1342
1306,CLE,N/A,2015,0.325,0.401,0.256,1,3.67,117,3.62,141,640,1407
1307,BAL,N/A,2015,0.307,0.421,0.25,1,4.05,102,4.11,217,686,1233
1308,TBR,N/A,2015,0.314,0.406,0.252,1,3.74,105,3.91,167,612,1355
1309,ARI,N/A,2015,0.324,0.414,0.264,1,4.04,102,4.21,154,680,1215
1310,BOS,N/A,2015,0.325,0.415,0.265,1,4.31,100,4.17,161,706,1218
1311,CHW,N/A,2015,0.306,0.38,0.25,1,3.98,98,3.82,136,595,1359
1312,SEA,N/A,2015,0.311,0.411,0.249,1,4.16,92,4.14,198,624,1283
1313,DET,N/A,2015,0.328,0.42,0.27,1,4.64,86,4.46,151,660,1100
1314,SDP,N/A,2015,0.3,0.385,0.243,1,4.09,91,3.93,148,623,1393
1315,MIA,N/A,2015,0.31,0.384,0.26,1,4.02,95,3.98,120,575,1152
1316,MIL,N/A,2015,0.307,0.393,0.251,1,4.28,93,4.17,145,624,1260
1317,OAK,N/A,2015,0.312,0.395,0.251,1,4.14,94,4.13,146,661,1179
1318,COL,N/A,2015,0.315,0.432,0.265,1,5.04,92,4.56,186,702,1112
1319,ATL,N/A,2015,0.314,0.359,0.251,1,4.41,88,4.34,100,548,1148
1320,CIN,N/A,2015,0.312,0.394,0.248,1,4.33,92,4.24,167,613,1252
1321,PHI,N/A,2015,0.303,0.382,0.249,1,4.69,82,4.4,130,586,1153
1322,CHC,N/A,2016,0.343,0.429,0.256,0,3.15,133,3.77,199,767,1441
1323,WSN,N/A,2016,0.326,0.426,0.256,0,3.51,122,3.58,203,735,1476
1324,TEX,N/A,2016,0.322,0.433,0.262,0,4.37,104,4.58,215,746,1154
1325,CLE,N/A,2016,0.329,0.43,0.262,0,3.84,118,3.91,185,733,1398
1326,BOS,N/A,2016,0.348,0.461,0.282,0,4.0,112,4.0,208,836,1362
1327,LAD,N/A,2016,0.319,0.409,0.249,0,3.7,109,3.61,189,680,1510
1328,BAL,N/A,2016,0.317,0.443,0.256,0,4.22,102,4.31,253,710,1248
1329,TOR,N/A,2016,0.33,0.426,0.248,0,3.78,113,4.04,221,728,1314
1330,SFG,N/A,2016,0.329,0.398,0.258,0,3.65,109,3.76,130,675,1309
1331,NYM,N/A,2016,0.316,0.417,0.246,1,3.57,113,3.56,218,649,1396
1332,DET,N/A,2016,0.331,0.438,0.267,1,4.24,101,4.16,211,719,1232
1333,SEA,N/A,2016,0.326,0.43,0.259,1,4.0,102,4.3,223,735,1318
1334,STL,N/A,2016,0.325,0.442,0.255,1,4.08,100,3.88,225,745,1290
1335,HOU,N/A,2016,0.319,0.417,0.247,1,4.06,97,3.85,198,689,1396
1336,NYY,N/A,2016,0.315,0.405,0.252,1,4.16,104,4.2,183,647,1393
1337,KCR,N/A,2016,0.312,0.4,0.261,1,4.21,102,4.42,147,640,1287
1338,MIA,N/A,2016,0.322,0.394,0.263,1,4.05,98,3.97,128,626,1379
1339,PIT,N/A,2016,0.332,0.402,0.257,1,4.21,99,4.3,153,696,1232
1340,CHW,N/A,2016,0.317,0.41,0.257,1,4.1,99,4.27,168,656,1270
1341,COL,N/A,2016,0.336,0.457,0.275,1,4.91,99,4.38,204,805,1223
1342,LAA,N/A,2016,0.322,0.405,0.26,1,4.28,94,4.62,156,686,1136
1343,MIL,N/A,2016,0.322,0.407,0.244,1,4.08,105,4.37,194,641,1175
1344,PHI,N/A,2016,0.301,0.384,0.24,1,4.63,91,4.34,161,574,1299
1345,ARI,N/A,2016,0.32,0.432,0.261,1,5.09,88,4.5,190,709,1318
1346,OAK,N/A,2016,0.304,0.395,0.246,1,4.51,91,4.24,169,634,1188
1347,ATL,N/A,2016,0.321,0.384,0.255,1,4.51,92,4.32,122,615,1227
1348,SDP,N/A,2016,0.299,0.39,0.235,1,4.43,90,4.4,177,654,1222
1349,TBR,N/A,2016,0.307,0.426,0.243,1,4.2,96,4.26,216,647,1357
1350,CIN,N/A,2016,0.316,0.408,0.256,1,4.91,87,5.24,164,678,1241
1351,MIN,N/A,2016,0.316,0.421,0.251,1,5.08,83,4.57,200,690,1191
1352,LAD,N/A,2017,0.334,0.437,0.249,0,3.38,123,3.67,221,730,1549
1353,CLE,N/A,2017,0.339,0.449,0.263,0,3.3,138,3.33,212,780,1614
1354,HOU,N/A,2017,0.346,0.478,0.282,0,4.12,99,3.91,238,854,1593
1355,WSN,N/A,2017,0.332,0.449,0.266,0,3.88,116,3.99,215,796,1457
1356,BOS,N/A,2017,0.329,0.407,0.258,0,3.7,123,3.78,168,735,1580
1357,ARI,N/A,2017,0.329,0.445,0.254,0,3.66,128,3.8,220,776,1482
1358,CHC,N/A,2017,0.338,0.437,0.255,0,3.95,112,4.2,223,785,1439
1359,NYY,N/A,2017,0.339,0.447,0.262,0,3.72,121,3.88,241,821,1560
1360,COL,N/A,2017,0.338,0.444,0.273,0,4.51,112,4.32,192,793,1270
1361,MIL,N/A,2017,0.322,0.429,0.249,1,4.0,110,4.24,224,695,1346
1362,MIN,N/A,2017,0.334,0.434,0.26,1,4.59,97,4.72,206,781,1166
1363,STL,N/A,2017,0.334,0.426,0.256,1,4.01,106,4.09,196,728,1351
1364,LAA,N/A,2017,0.315,0.397,0.243,1,4.2,102,4.43,186,678,1312
1365,KCR,N/A,2017,0.311,0.42,0.259,1,4.61,97,4.43,193,660,1216
1366,TBR,N/A,2017,0.317,0.422,0.245,1,3.97,106,4.17,228,671,1352
1367,TEX,N/A,2017,0.32,0.43,0.244,1,4.66,103,4.88,237,756,1107
1368,SEA,N/A,2017,0.325,0.424,0.259,1,4.46,94,4.7,200,714,1244
1369,MIA,N/A,2017,0.331,0.431,0.267,1,4.82,83,4.69,194,743,1202
1370,TOR,N/A,2017,0.312,0.412,0.24,1,4.42,102,4.31,222,661,1372
1371,PIT,N/A,2017,0.318,0.386,0.244,1,4.22,101,4.23,151,635,1262
1372,BAL,N/A,2017,0.312,0.435,0.26,1,4.97,88,4.96,232,713,1233
1373,OAK,N/A,2017,0.319,0.436,0.246,1,4.67,90,4.57,234,708,1202
1374,ATL,N/A,2017,0.326,0.412,0.263,1,4.72,93,4.51,165,706,1258
1375,SDP,N/A,2017,0.299,0.393,0.234,1,4.67,90,4.67,189,576,1325
1376,NYM,N/A,2017,0.32,0.434,0.25,1,5.01,83,4.59,224,713,1374
1377,CIN,N/A,2017,0.329,0.433,0.253,1,5.17,87,5.08,219,715,1300
1378,CHW,N/A,2017,0.314,0.417,0.256,1,4.78,90,5.17,186,670,1193
1379,PHI,N/A,2017,0.315,0.409,0.25,1,4.55,95,4.56,174,654,1309
1380,SFG,N/A,2017,0.309,0.38,0.249,1,4.5,95,4.22,128,612,1234
1381,DET,N/A,2017,0.324,0.424,0.258,1,5.36,84,4.73,187,699,1202
1382,BOS,N/A,2018,0.339,0.453,0.268,0,3.75,118,3.82,208,829,1558
1383,HOU,N/A,2018,0.329,0.425,0.255,0,3.11,134,3.23,205,763,1687
1384,NYY,N/A,2018,0.329,0.451,0.249,0,3.78,112,3.63,267,821,1634
1385,OAK,N/A,2018,0.325,0.439,0.252,0,3.81,109,4.18,227,778,1237
1386,MIL,N/A,2018,0.323,0.424,0.252,0,3.73,110,4.01,218,711,1428
1387,CHC,N/A,2018,0.333,0.41,0.258,0,3.65,115,4.13,167,722,1333
1388,LAD,N/A,2018,0.333,0.442,0.25,0,3.38,115,3.6,235,756,1565
1389,CLE,N/A,2018,0.332,0.434,0.259,0,3.77,115,3.78,216,786,1544
1390,COL,N/A,2018,0.322,0.435,0.256,0,4.33,109,4.06,210,748,1409
1391,ATL,N/A,2018,0.324,0.417,0.257,1,3.75,110,3.98,175,717,1423
1392,TBR,N/A,2018,0.333,0.406,0.258,1,3.74,110,3.82,150,664,1421
1393,SEA,N/A,2018,0.314,0.408,0.254,1,4.13,99,4.05,176,644,1328
1394,STL,N/A,2018,0.321,0.409,0.249,1,3.85,101,3.97,205,725,1337
1395,PIT,N/A,2018,0.317,0.407,0.254,1,4.0,98,4.06,157,665,1336
1396,WSN,N/A,2018,0.335,0.419,0.254,1,4.04,106,4.15,191,737,1417
1397,ARI,N/A,2018,0.31,0.397,0.235,1,3.72,113,3.91,176,658,1448
1398,PHI,N/A,2018,0.314,0.393,0.234,1,4.14,100,3.83,186,653,1465
1399,LAA,N/A,2018,0.313,0.413,0.242,1,4.15,102,4.36,214,690,1386
1400,MIN,N/A,2018,0.318,0.405,0.25,1,4.5,96,4.39,166,704,1377
1401,NYM,N/A,2018,0.312,0.389,0.234,1,4.07,92,3.97,170,649,1446
1402,SFG,N/A,2018,0.3,0.368,0.239,1,3.95,97,3.98,133,573,1269
1403,TOR,N/A,2018,0.312,0.427,0.244,1,4.85,88,4.53,217,680,1298
1404,CIN,N/A,2018,0.328,0.401,0.254,1,4.63,90,4.66,172,665,1258
1405,TEX,N/A,2018,0.318,0.404,0.24,1,4.92,97,4.79,194,696,1121
1406,SDP,N/A,2018,0.297,0.38,0.235,1,4.4,88,4.1,162,583,1399
1407,DET,N/A,2018,0.3,0.38,0.241,1,4.58,98,4.58,135,597,1215
1408,MIA,N/A,2018,0.303,0.357,0.237,1,4.76,81,4.56,128,554,1249
1409,CHW,N/A,2018,0.302,0.401,0.241,1,4.83,88,4.73,182,639,1259
1410,KCR,N/A,2018,0.305,0.392,0.245,1,4.94,88,4.66,155,606,1157
1411,BAL,N/A,2018,0.298,0.391,0.239,1,5.18,83,4.98,188,593,1203
1412,HOU,N/A,2019,0.352,0.495,0.274,0,3.66,127,3.98,288,891,1671
1413,LAD,N/A,2019,0.338,0.472,0.257,0,3.37,123,3.73,279,861,1519
1414,NYY,N/A,2019,0.339,0.49,0.267,0,4.31,104,4.47,306,904,1534
1415,MIN,N/A,2019,0.338,0.494,0.27,0,4.18,109,4.02,307,906,1463
1416,ATL,N/A,2019,0.336,0.452,0.258,0,4.19,110,4.39,249,824,1393
1417,OAK,N/A,2019,0.327,0.448,0.249,0,3.97,109,4.34,257,800,1299
1418,TBR,N/A,2019,0.325,0.431,0.254,0,3.65,120,3.65,217,730,1621
1419,WSN,N/A,2019,0.342,0.454,0.265,0,4.27,106,4.14,231,824,1511
1420,CLE,N/A,2019,0.323,0.432,0.25,0,3.76,125,4.06,223,731,1508
1421,STL,N/A,2019,0.322,0.415,0.245,1,3.8,110,4.27,210,714,1399
1422,MIL,N/A,2019,0.329,0.438,0.246,1,4.4,102,4.46,250,744,1497
1423,NYM,N/A,2019,0.328,0.442,0.257,1,4.24,97,4.1,242,767,1520
1424,ARI,N/A,2019,0.323,0.434,0.252,1,4.25,105,4.4,220,778,1427
1425,BOS,N/A,2019,0.34,0.466,0.269,1,4.7,104,4.28,245,857,1633
1426,CHC,N/A,2019,0.331,0.452,0.252,1,4.1,108,4.25,256,783,1444
1427,PHI,N/A,2019,0.319,0.427,0.246,1,4.53,99,4.88,215,742,1392
1428,TEX,N/A,2019,0.319,0.431,0.248,1,5.06,102,4.84,223,765,1379
1429,SFG,N/A,2019,0.302,0.392,0.239,1,4.38,96,4.55,167,655,1368
1430,CIN,N/A,2019,0.315,0.422,0.244,1,4.18,112,4.23,227,679,1552
1431,CHW,N/A,2019,0.314,0.414,0.261,1,4.9,94,4.89,182,676,1312
1432,LAA,N/A,2019,0.324,0.422,0.247,1,5.12,91,5.04,220,734,1404
1433,COL,N/A,2019,0.326,0.456,0.265,1,5.56,93,5.23,224,803,1264
1434,SDP,N/A,2019,0.308,0.41,0.238,1,4.6,91,4.22,219,652,1475
1435,PIT,N/A,2019,0.321,0.42,0.265,1,5.18,84,4.78,163,722,1443
1436,SEA,N/A,2019,0.316,0.424,0.237,1,4.99,88,5.0,239,730,1239
1437,TOR,N/A,2019,0.305,0.428,0.236,1,4.79,95,4.82,247,697,1332
1438,KCR,N/A,2019,0.309,0.401,0.247,1,5.2,92,4.9,162,655,1230
1439,MIA,N/A,2019,0.298,0.375,0.241,1,4.74,91,4.89,146,593,1378
1440,BAL,N/A,2019,0.31,0.415,0.246,1,5.59,84,5.56,213,698,1248
1441,DET,N/A,2019,0.294,0.388,0.24,1,5.24,91,4.84,149,556,1368
1442,SFG,N/A,2021,0.329,0.44,0.249,0,3.24,128,3.55,241,768,1425
1443,LAD,N/A,2021,0.33,0.429,0.244,0,3.01,139,3.54,237,799,1599
1444,TBR,N/A,2021,0.321,0.429,0.243,0,3.67,110,3.79,222,810,1478
1445,MIL,N/A,2021,0.317,0.396,0.233,0,3.5,120,3.72,194,700,1618
1446,HOU,N/A,2021,0.339,0.444,0.267,0,3.78,114,4.12,221,834,1456
1447,CHW,N/A,2021,0.336,0.422,0.256,0,3.73,118,3.74,190,757,1588
1448,BOS,N/A,2021,0.328,0.449,0.261,0,4.26,111,3.95,219,783,1527
1449,NYY,N/A,2021,0.322,0.407,0.237,0,3.74,112,3.9,222,666,1569
1450,TOR,N/A,2021,0.33,0.466,0.266,0,3.91,115,4.18,262,816,1468
1451,STL,N/A,2021,0.313,0.412,0.244,1,3.98,99,4.3,198,678,1225
1452,SEA,N/A,2021,0.303,0.385,0.226,1,4.3,98,4.26,199,673,1328
1453,ATL,N/A,2021,0.319,0.435,0.244,1,3.88,113,4.09,239,762,1417
1454,OAK,N/A,2021,0.317,0.406,0.238,1,4.02,102,4.1,199,698,1332
1455,CIN,N/A,2021,0.328,0.431,0.249,1,4.4,107,4.34,222,756,1524
1456,PHI,N/A,2021,0.318,0.408,0.24,1,4.39,96,4.15,198,700,1480
1457,CLE,N/A,2021,0.303,0.407,0.238,1,4.34,100,4.43,203,686,1391
1458,SDP,N/A,2021,0.321,0.401,0.242,1,4.1,95,4.18,180,695,1517
1459,DET,N/A,2021,0.308,0.399,0.242,1,4.32,101,4.6,179,675,1259
1460,NYM,N/A,2021,0.315,0.391,0.239,1,3.9,105,4.03,176,604,1453
1461,LAA,N/A,2021,0.31,0.407,0.245,1,4.69,96,4.25,190,691,1453
1462,COL,N/A,2021,0.317,0.414,0.249,1,4.82,99,4.47,182,709,1269
1463,KCR,N/A,2021,0.306,0.396,0.249,1,4.64,99,4.39,163,647,1344
1464,MIN,N/A,2021,0.314,0.423,0.241,1,4.83,88,4.66,228,690,1317
1465,CHC,N/A,2021,0.312,0.407,0.237,1,4.87,88,4.88,210,672,1358
1466,MIA,N/A,2021,0.298,0.372,0.233,1,3.96,106,4.01,158,594,1381
1467,WSN,N/A,2021,0.337,0.417,0.258,1,4.8,84,4.87,182,686,1346
1468,PIT,N/A,2021,0.309,0.364,0.236,1,5.08,84,4.74,124,570,1312
1469,TEX,N/A,2021,0.294,0.375,0.232,1,4.79,92,4.76,167,598,1239
1470,BAL,N/A,2021,0.304,0.402,0.239,1,5.84,77,5.15,195,632,1234
1471,ARI,N/A,2021,0.309,0.382,0.236,1,5.11,82,4.88,144,644,1238
